tree_names,subgenus,position,section,subgen_label,sect_label
Corymbia_candida,Blakella,1,Abbreviatae,Blakella + two Corymbia,NA
Corymbia_flavescens,Blakella,2,Abbreviatae,Blakella + two Corymbia,NA
Corymbia_ferriticola,Blakella,3,Abbreviatae,Blakella + two Corymbia,NA
Corymbia_hylandii,Corymbia,4,Corymbia,Blakella + two Corymbia,NA
Corymbia_porrecta,Corymbia,5,Corymbia,Blakella + two Corymbia,NA
Corymbia_pauciseta,Blakella,6,Abbreviatae,Blakella + two Corymbia,NA
Corymbia_bella,Blakella,7,Abbreviatae,Blakella + two Corymbia,NA
Corymbia_torta,Blakella,8,Abbreviatae,Blakella + two Corymbia,NA
Corymbia_dendromerinx,Blakella,9,Abbreviatae,Blakella + two Corymbia,NA
Corymbia_polysciada,Blakella,10,Abbreviatae,Blakella + two Corymbia,NA
Corymbia_arafurica,Blakella,11,Abbreviatae,Blakella + two Corymbia,NA
Corymbia_confertiflora,Blakella,12,Abbreviatae,Blakella + two Corymbia,NA
Corymbia_aspera,Blakella,13,Abbreviatae,Blakella + two Corymbia,NA
Corymbia_gilbertensis,Blakella,14,Abbreviatae,Blakella + two Corymbia,NA
Corymbia_aparrerinja,Blakella,15,Abbreviatae,Blakella + two Corymbia,NA
Corymbia_blakei,Blakella,16,Abbreviatae,Blakella + two Corymbia,NA
Corymbia_papuana,Blakella,17,Abbreviatae,Blakella + two Corymbia,NA
Corymbia_dallachiana,Blakella,18,Abbreviatae,Blakella + two Corymbia,NA
Corymbia_grandifolia,Blakella,19,Abbreviatae,Blakella + two Corymbia,NA
Corymbia_tessellaris,Blakella,20,Abbreviatae,Blakella + two Corymbia,NA
Corymbia_torelliana,Blakella,21,Torellianae,Blakella + two Corymbia,NA
Corymbia_eximia,Blakella,22,Naviculares,Blakella + two Corymbia,NA
Corymbia_maculata,Blakella,23,Maculatae,Blakella + two Corymbia,NA
Corymbia_henryi,Blakella,24,Maculatae,Blakella + two Corymbia,NA
Corymbia_citriodora,Blakella,25,Maculatae,Blakella + two Corymbia,NA
Corymbia_bloxsomei,Blakella,26,Naviculares,Blakella + two Corymbia,NA
Corymbia_peltata,Blakella,27,Naviculares,Blakella + two Corymbia,NA
Corymbia_leptoloma,Blakella,28,Naviculares,Blakella + two Corymbia,NA
Corymbia_aureola,Blakella,29,Naviculares,Blakella + two Corymbia,NA
Corymbia_leichhardtii,Blakella,30,Naviculares,Blakella + two Corymbia,NA
Corymbia_bunites,Blakella,31,Naviculares,Blakella + two Corymbia,NA
Corymbia_watsoniana,Blakella,32,Naviculares,Blakella + two Corymbia,NA
Corymbia_scabrida,Blakella,33,Naviculares,Blakella + two Corymbia,NA
Corymbia_petalophylla,Blakella,34,Naviculares,Blakella + two Corymbia,NA
Angophora_melanoxylon,Angophora,35,Angophora,Angophora,NA
Angophora_floribunda,Angophora,36,Angophora,Angophora,NA
Angophora_robur,Angophora,37,Angophora,Angophora,NA
Angophora_woodsiana,Angophora,38,Angophora,Angophora,NA
Angophora_hispida,Angophora,39,Angophora,Angophora,NA
Angophora_costata,Angophora,40,Angophora,Angophora,NA
Angophora_bakeri,Angophora,41,Angophora,Angophora,NA
Angophora_inopina,Angophora,42,Angophora,Angophora,NA
Angophora_subvelutina,Angophora,43,Angophora,Angophora,NA
Corymbia_gummifera,Corymbia,44,Corymbia,Corymbia,NA
Corymbia_trachyphloia,Corymbia,45,Corymbia,Corymbia,NA
Corymbia_haematoxylon,Corymbia,46,Calophyllae,Corymbia,NA
Corymbia_calophylla,Corymbia,47,Calophyllae,Corymbia,NA
Corymbia_ficifolia,Corymbia,48,Calophyllae,Corymbia,NA
Corymbia_abergiana,Corymbia,49,Corymbia,Corymbia,NA
Corymbia_xanthope,Corymbia,50,Corymbia,Corymbia,NA
Corymbia_intermedia,Corymbia,51,Corymbia,Corymbia,NA
Corymbia_lamprophylla,Corymbia,52,Corymbia,Corymbia,NA
Corymbia_ptychocarpa,Corymbia,53,Corymbia,Corymbia,NA
Corymbia_jacobsiana,Corymbia,54,Corymbia,Corymbia,NA
Corymbia_clarksoniana,Corymbia,55,Corymbia,Corymbia,NA
Corymbia_latifolia,Corymbia,56,Corymbia,Corymbia,NA
Corymbia_novaguineesis,Corymbia,57,NA,Corymbia,NA
Corymbia_abbreviata,Corymbia,58,Corymbia,Corymbia,NA
Corymbia_stockeri,Corymbia,59,Corymbia,Corymbia,NA
Corymbia_opaca,Corymbia,60,Corymbia,Corymbia,NA
Corymbia_brachycarpa,Corymbia,61,Corymbia,Corymbia,NA
Corymbia_arenaria,Corymbia,62,Corymbia,Corymbia,NA
Corymbia_chippendalei,Corymbia,63,Corymbia,Corymbia,NA
Corymbia_lenziana,Corymbia,64,Corymbia,Corymbia,NA
Corymbia_rhodops,Corymbia,65,Corymbia,Corymbia,NA
Corymbia_pachycarpa,Corymbia,66,Corymbia,Corymbia,NA
Corymbia_hamersleyana,Corymbia,67,Corymbia,Corymbia,NA
Corymbia_polycarpa,Corymbia,68,Corymbia,Corymbia,NA
Corymbia_papillosa,Corymbia,69,Corymbia,Corymbia,NA
Corymbia_cadophora,Corymbia,70,Corymbia,Corymbia,NA
Corymbia_eremaea,Corymbia,71,Corymbia,Corymbia,NA
Corymbia_dichromophloia,Corymbia,72,Corymbia,Corymbia,NA
Corymbia_deserticola,Corymbia,73,Corymbia,Corymbia,NA
Corymbia_erythrophloia,Corymbia,74,Corymbia,Corymbia,NA
Corymbia_ligans,Corymbia,75,Corymbia,Corymbia,NA
Corymbia_zygophylla,Corymbia,76,Corymbia,Corymbia,NA
Corymbia_ellipsoidea,Corymbia,77,Corymbia,Corymbia,NA
Corymbia_hendersonii,Corymbia,78,Corymbia,Corymbia,NA
Corymbia_ferruginea,Corymbia,79,Corymbia,Corymbia,NA
Corymbia_collina,Corymbia,80,Corymbia,Corymbia,NA
Corymbia_bleeseri,Corymbia,81,Corymbia,Corymbia,NA
Corymbia_nesophila,Corymbia,82,Corymbia,Corymbia,NA
Corymbia_terminalis,Corymbia,83,Corymbia,Corymbia,NA
Corymbia_greeniana,Corymbia,84,Corymbia,Corymbia,NA
Corymbia_foelscheana,Corymbia,85,Corymbia,Corymbia,NA
Corymbia_plena,Corymbia,86,Corymbia,Corymbia,NA
Corymbia_dunlopiana,Corymbia,87,Corymbia,Corymbia,NA
Eucalyptus_curtisii,Acerosae,88,Acerosae,NA,NA
Eucalyptus_tetrodonta,Eudesmia,89,Complanatae,Eudesmia,NA
Eucalyptus_ceracea,Eudesmia,90,Complanatae,Eudesmia,NA
Eucalyptus_phoenicea,Eudesmia,91,Complanatae,Eudesmia,NA
Eucalyptus_miniata,Eudesmia,92,Complanatae,Eudesmia,NA
Eucalyptus_chartaboma,Eudesmia,93,Complanatae,Eudesmia,NA
Eucalyptus_gigantangion,Eudesmia,94,Complanatae,Eudesmia,NA
Eucalyptus_lirata,Eudesmia,95,Complanatae,Eudesmia,NA
Eucalyptus_similis,Eudesmia,96,Complanatae,Eudesmia,NA
Eucalyptus_baileyana,Symphyomyrtus,97,NA,Eudesmia,NA
Eucalyptus_gongylocarpa,Eudesmia,98,Limbatae,Eudesmia,NA
Eucalyptus_roycei,Eudesmia,99,Limbatae,Eudesmia,NA
Eucalyptus_ebbanoensis,Eudesmia,100,Limbatae,Eudesmia,NA
Eucalyptus_erythrocorys,Eudesmia,101,Limbatae,Eudesmia,NA
Eucalyptus_jucunda,Eudesmia,102,Limbatae,Eudesmia,NA
Eucalyptus_conveniens,Eudesmia,103,Limbatae,Eudesmia,NA
Eucalyptus_gamophylla,Eudesmia,104,Limbatae,Eudesmia,NA
Eucalyptus_odontocarpa,Eudesmia,105,Limbatae,Eudesmia,NA
Eucalyptus_extrica,Eudesmia,106,Limbatae,Eudesmia,NA
Eucalyptus_pleurocarpa,Eudesmia,107,Limbatae,Eudesmia,NA
Eucalyptus_gittinsii,Eudesmia,108,Limbatae,Eudesmia,NA
Eucalyptus_eudesmioides,Eudesmia,109,Limbatae,Eudesmia,NA
Eucalyptus_tenuipes,Cuboidea,110,NA,NA,NA
Eucalyptus_cloeziana,Idiogenes,111,NA,NA,NA
Eucalyptus_patens,Eucalyptus,112,Longistylus,Eucalyptus,NA
Eucalyptus_dolorosa,Eucalyptus,113,Frutices,Eucalyptus,NA
Eucalyptus_todtiana,Eucalyptus,114,Frutices,Eucalyptus,NA
Eucalyptus_johnsoniana,Eucalyptus,115,Frutices,Eucalyptus,NA
Eucalyptus_staeri,Eucalyptus,116,Longistylus,Eucalyptus,NA
Eucalyptus_marginata,Eucalyptus,117,Longistylus,Eucalyptus,NA
Eucalyptus_brevistylis,Eucalyptus,118,Longistylus,Eucalyptus,NA
Eucalyptus_jacksonii,Eucalyptus,119,Longistylus,Eucalyptus,NA
Eucalyptus_calcicola,Eucalyptus,120,Frutices,Eucalyptus,NA
Eucalyptus_diversifolia,Eucalyptus,121,Frutices,Eucalyptus,NA
Eucalyptus_pachyloma,Eucalyptus,122,Frutices,Eucalyptus,NA
Eucalyptus_lateritica,Eucalyptus,123,Frutices,Eucalyptus,NA
Eucalyptus_suberea,Eucalyptus,124,Frutices,Eucalyptus,NA
Eucalyptus_aquilina,Eucalyptus,125,Frutices,Eucalyptus,NA
Eucalyptus_megacarpa,Eucalyptus,126,Frutices,Eucalyptus,NA
Eucalyptus_coronata,Eucalyptus,127,Frutices,Eucalyptus,NA
Eucalyptus_exilis,Eucalyptus,128,Domestica,Eucalyptus,NA
Eucalyptus_pendens,Eucalyptus,129,Frutices,Eucalyptus,NA
Eucalyptus_insularis,Eucalyptus,130,Frutices,Eucalyptus,NA
Eucalyptus_platydisca,Eucalyptus,131,Frutices,Eucalyptus,NA
Eucalyptus_planchoniana,Eucalyptus,132,Eucalyptus,Eucalyptus,NA
Eucalyptus_ligulata,Eucalyptus,133,Frutices,Eucalyptus,NA
Eucalyptus_acies,Eucalyptus,134,Frutices,Eucalyptus,NA
Eucalyptus_buprestium,Eucalyptus,135,Frutices,Eucalyptus,NA
Eucalyptus_erectifolia,Eucalyptus,136,Frutices,Eucalyptus,NA
Eucalyptus_preissiana,Eucalyptus,137,Frutices,Eucalyptus,NA
Eucalyptus_sepulcralis,Eucalyptus,138,Frutices,Eucalyptus,NA
Eucalyptus_umbra,Eucalyptus,139,Eucalyptus,Eucalyptus,NA
Eucalyptus_carnea,Eucalyptus,140,Eucalyptus,Eucalyptus,NA
Eucalyptus_apothalassica,Eucalyptus,141,Eucalyptus,Eucalyptus,NA
Eucalyptus_rubiginosa,Eucalyptus,142,Primitiva,Eucalyptus,NA
Eucalyptus_latisinensis,Eucalyptus,143,Eucalyptus,Eucalyptus,NA
Eucalyptus_amygdalina,Eucalyptus,144,Eucalyptus,Eucalyptus,NA
Eucalyptus_acmenoides,Eucalyptus,145,Eucalyptus,Eucalyptus,NA
Eucalyptus_sphaerocarpa,Eucalyptus,146,Eucalyptus,Eucalyptus,NA
Eucalyptus_victoriana,Eucalyptus,147,Eucalyptus,Eucalyptus,NA
Eucalyptus_serraensis,Eucalyptus,148,Eucalyptus,Eucalyptus,NA
Eucalyptus_verrucata,Eucalyptus,149,Eucalyptus,Eucalyptus,NA
Eucalyptus_stenostoma,Eucalyptus,150,Eucalyptus,Eucalyptus,NA
Eucalyptus_racemosa,Eucalyptus,151,Eucalyptus,Eucalyptus,NA
Eucalyptus_tindaliae,Eucalyptus,152,Eucalyptus,Eucalyptus,NA
Eucalyptus_remota,Eucalyptus,153,Eucalyptus,Eucalyptus,NA
Eucalyptus_risdonii,Eucalyptus,154,Eucalyptus,Eucalyptus,NA
Eucalyptus_pulchella,Eucalyptus,155,Eucalyptus,Eucalyptus,NA
Eucalyptus_arenacea,Eucalyptus,156,Eucalyptus,Eucalyptus,NA
Eucalyptus_nitida,Eucalyptus,157,Eucalyptus,Eucalyptus,NA
Eucalyptus_tenuiramis,Eucalyptus,158,Eucalyptus,Eucalyptus,NA
Eucalyptus_regnans,Eucalyptus,159,Eucalyptus,Eucalyptus,NA
Eucalyptus_mitchelliana,Eucalyptus,160,Eucalyptus,Eucalyptus,NA
Eucalyptus_croajingolensis,Eucalyptus,161,Eucalyptus,Eucalyptus,NA
Eucalyptus_willisii,Eucalyptus,162,Eucalyptus,Eucalyptus,NA
Eucalyptus_triflora,Eucalyptus,163,Eucalyptus,Eucalyptus,NA
Eucalyptus_langleyi,Eucalyptus,164,Eucalyptus,Eucalyptus,NA
Eucalyptus_sparsifolia,Eucalyptus,165,Eucalyptus,Eucalyptus,NA
Eucalyptus_sieberi,Eucalyptus,166,Eucalyptus,Eucalyptus,NA
Eucalyptus_mackintii,Eucalyptus,167,Eucalyptus,Eucalyptus,NA
Eucalyptus_multicaulis,Eucalyptus,168,Eucalyptus,Eucalyptus,NA
Eucalyptus_muelleriana,Eucalyptus,169,Eucalyptus,Eucalyptus,NA
Eucalyptus_baxteri,Eucalyptus,170,Eucalyptus,Eucalyptus,NA
Eucalyptus_globoidea,Eucalyptus,171,Eucalyptus,Eucalyptus,NA
Eucalyptus_olsenii,Eucalyptus,172,Eucalyptus,Eucalyptus,NA
Eucalyptus_lacrimans,Eucalyptus,173,Eucalyptus,Eucalyptus,NA
Eucalyptus_elata,Eucalyptus,174,Eucalyptus,Eucalyptus,NA
Eucalyptus_radiata,Eucalyptus,175,Eucalyptus,Eucalyptus,NA
Eucalyptus_pauciflora,Eucalyptus,176,Eucalyptus,Eucalyptus,NA
Eucalyptus_oreades,Eucalyptus,177,Eucalyptus,Eucalyptus,NA
Eucalyptus_fraxinoides,Eucalyptus,178,Eucalyptus,Eucalyptus,NA
Eucalyptus_burgessiana,Eucalyptus,179,Eucalyptus,Eucalyptus,NA
Eucalyptus_cunninghamii,Eucalyptus,180,Eucalyptus,Eucalyptus,NA
Eucalyptus_delegatensis,Eucalyptus,181,Eucalyptus,Eucalyptus,NA
Eucalyptus_fastigata,Eucalyptus,182,Eucalyptus,Eucalyptus,NA
Eucalyptus_stricta,Eucalyptus,183,Eucalyptus,Eucalyptus,NA
Eucalyptus_paliformis,Eucalyptus,184,Eucalyptus,Eucalyptus,NA
Eucalyptus_moorei,Eucalyptus,185,Eucalyptus,Eucalyptus,NA
Eucalyptus_stellulata,Eucalyptus,186,Eucalyptus,Eucalyptus,NA
Eucalyptus_kybeanensis,Eucalyptus,187,Eucalyptus,Eucalyptus,NA
Eucalyptus_gregsoniana,Eucalyptus,188,Eucalyptus,Eucalyptus,NA
Eucalyptus_obliqua,Eucalyptus,189,Eucalyptus,Eucalyptus,NA
Eucalyptus_dives,Eucalyptus,190,Eucalyptus,Eucalyptus,NA
Eucalyptus_conglomerata,Eucalyptus,191,Eucalyptus,Eucalyptus,NA
Eucalyptus_mckieana,Eucalyptus,192,Eucalyptus,Eucalyptus,NA
Eucalyptus_laevopinea,Eucalyptus,193,Eucalyptus,Eucalyptus,NA
Eucalyptus_youmanii,Eucalyptus,194,Eucalyptus,Eucalyptus,NA
Eucalyptus_olida,Eucalyptus,195,Eucalyptus,Eucalyptus,NA
Eucalyptus_approximans,Eucalyptus,196,Eucalyptus,Eucalyptus,NA
Eucalyptus_deuaensis,Eucalyptus,197,Eucalyptus,Eucalyptus,NA
Eucalyptus_macrorhyncha,Eucalyptus,198,Eucalyptus,Eucalyptus,NA
Eucalyptus_bensonii,Eucalyptus,199,Eucalyptus,Eucalyptus,NA
Eucalyptus_eugenioides,Eucalyptus,200,Eucalyptus,Eucalyptus,NA
Eucalyptus_ligustrina,Eucalyptus,201,Eucalyptus,Eucalyptus,NA
Eucalyptus_blaxlandii,Eucalyptus,202,Eucalyptus,Eucalyptus,NA
Eucalyptus_haemastoma,Eucalyptus,203,Eucalyptus,Eucalyptus,NA
Eucalyptus_tenella,Eucalyptus,204,Eucalyptus,Eucalyptus,NA
Eucalyptus_apiculata,Symphyomyrtus,205,NA,Eucalyptus,NA
Eucalyptus_capitellata,Eucalyptus,206,Eucalyptus,Eucalyptus,NA
Eucalyptus_williamsiana,Eucalyptus,207,Eucalyptus,Eucalyptus,NA
Eucalyptus_agglomerata,Eucalyptus,208,Eucalyptus,Eucalyptus,NA
Eucalyptus_andrewsii,Eucalyptus,209,Eucalyptus,Eucalyptus,NA
Eucalyptus_boliviana,Eucalyptus,210,Eucalyptus,Eucalyptus,NA
Eucalyptus_pilularis,Eucalyptus,211,Eucalyptus,Eucalyptus,NA
Eucalyptus_pyrocarpa,Eucalyptus,212,Eucalyptus,Eucalyptus,NA
Eucalyptus_caliginosa,Symphyomyrtus,213,NA,Eucalyptus,NA
Eucalyptus_luehmanniana,Eucalyptus,214,Eucalyptus,Eucalyptus,NA
Eucalyptus_consideniana,Eucalyptus,215,Eucalyptus,Eucalyptus,NA
Eucalyptus_piperita,Eucalyptus,216,Eucalyptus,Eucalyptus,NA
Eucalyptus_guilfoylei,Cruciformes,217,Cruciformes,NA,NA
Eucalyptus_microcorys,Alveolata,218,Alveolata,NA,NA
Eucalyptus_dorotoxylon,Symphyomyrtus,219,Bisectae,Symphyomyrtus,Bisectae
Eucalyptus_decurva,Symphyomyrtus,220,Bisectae,Symphyomyrtus,Bisectae
Eucalyptus_rhomboidea,Symphyomyrtus,221,Bisectae,Symphyomyrtus,Bisectae
Eucalyptus_pachycalyx,Symphyomyrtus,222,Bisectae,Symphyomyrtus,Bisectae
Eucalyptus_squamosa,Symphyomyrtus,223,Bisectae,Symphyomyrtus,Bisectae
Eucalyptus_youngiana,Symphyomyrtus,224,Bisectae,Symphyomyrtus,Bisectae
Eucalyptus_glomerosa,Symphyomyrtus,225,Bisectae,Symphyomyrtus,Bisectae
Eucalyptus_rosacea,Symphyomyrtus,226,Bisectae,Symphyomyrtus,Bisectae
Eucalyptus_sessilis,Symphyomyrtus,227,Bisectae,Symphyomyrtus,Bisectae
Eucalyptus_minniritchi,Symphyomyrtus,228,Bisectae,Symphyomyrtus,Bisectae
Eucalyptus_rameliana,Symphyomyrtus,229,Bisectae,Symphyomyrtus,Bisectae
Eucalyptus_pachyphylla,Symphyomyrtus,230,Bisectae,Symphyomyrtus,Bisectae
Eucalyptus_educta,Symphyomyrtus,231,Bisectae,Symphyomyrtus,Bisectae
Eucalyptus_kingsmillii,Symphyomyrtus,232,Bisectae,Symphyomyrtus,Bisectae
Eucalyptus_impensa,Symphyomyrtus,233,Bisectae,Symphyomyrtus,Bisectae
Eucalyptus_rhodantha,Symphyomyrtus,234,Bisectae,Symphyomyrtus,Bisectae
Eucalyptus_macrocarpa,Symphyomyrtus,235,Bisectae,Symphyomyrtus,Bisectae
Eucalyptus_drummondii,Symphyomyrtus,236,Bisectae,Symphyomyrtus,Bisectae
Eucalyptus_crucis,Symphyomyrtus,237,Bisectae,Symphyomyrtus,Bisectae
Eucalyptus_orbifolia,Symphyomyrtus,238,Bisectae,Symphyomyrtus,Bisectae
Eucalyptus_leptopoda,Symphyomyrtus,239,Bisectae,Symphyomyrtus,Bisectae
Eucalyptus_synandra,Symphyomyrtus,240,Bisectae,Symphyomyrtus,Bisectae
Eucalyptus_burracoppinensis,Symphyomyrtus,241,Bisectae,Symphyomyrtus,Bisectae
Eucalyptus_caesia,Symphyomyrtus,242,Bisectae,Symphyomyrtus,Bisectae
Eucalyptus_oldfieldii,Symphyomyrtus,243,Bisectae,Symphyomyrtus,Bisectae
Eucalyptus_ewartiana,Symphyomyrtus,244,Bisectae,Symphyomyrtus,Bisectae
Eucalyptus_oxymitra,Symphyomyrtus,245,Bisectae,Symphyomyrtus,Bisectae
Eucalyptus_pyriformis,Symphyomyrtus,246,Bisectae,Symphyomyrtus,Bisectae
Eucalyptus_lanepoolei,Symphyomyrtus,247,Bisectae,Symphyomyrtus,Bisectae
Eucalyptus_diversicolor,Symphyomyrtus,248,Inclusae,Symphyomyrtus,NA
Eucalyptus_bakeri,Symphyomyrtus,249,Bisectae,Symphyomyrtus,Bisectae
Eucalyptus_cneorifolia,Symphyomyrtus,250,Bisectae,Symphyomyrtus,Bisectae
Eucalyptus_balanopelex,Symphyomyrtus,251,Bisectae,Symphyomyrtus,Bisectae
Eucalyptus_recta,Symphyomyrtus,252,Bisectae,Symphyomyrtus,Bisectae
Eucalyptus_rugulata,Symphyomyrtus,253,Bisectae,Symphyomyrtus,Bisectae
Eucalyptus_balanites,Symphyomyrtus,254,Bisectae,Symphyomyrtus,Bisectae
Eucalyptus_decipiens,Symphyomyrtus,255,Bisectae,Symphyomyrtus,Bisectae
Eucalyptus_dolichocera,Symphyomyrtus,256,Bisectae,Symphyomyrtus,Bisectae
Eucalyptus_kochii,Symphyomyrtus,257,Bisectae,Symphyomyrtus,Bisectae
Eucalyptus_moderata,Symphyomyrtus,258,Bisectae,Symphyomyrtus,Bisectae
Eucalyptus_ultima,Symphyomyrtus,259,Bisectae,Symphyomyrtus,Bisectae
Eucalyptus_mannensis,Symphyomyrtus,260,Bisectae,Symphyomyrtus,Bisectae
Eucalyptus_jutsonii,Symphyomyrtus,261,Bisectae,Symphyomyrtus,Bisectae
Eucalyptus_misella,Symphyomyrtus,262,Bisectae,Symphyomyrtus,Bisectae
Eucalyptus_quaerenda,Symphyomyrtus,263,Bisectae,Symphyomyrtus,Bisectae
Eucalyptus_angustissima,Symphyomyrtus,264,Bisectae,Symphyomyrtus,Bisectae
Eucalyptus_foliosa,Symphyomyrtus,265,Bisectae,Symphyomyrtus,Bisectae
Eucalyptus_salmonophloia,Symphyomyrtus,266,Bisectae,Symphyomyrtus,Bisectae
Eucalyptus_balladoniensis,Symphyomyrtus,267,Bisectae,Symphyomyrtus,Bisectae
Eucalyptus_delicata,Symphyomyrtus,268,Bisectae,Symphyomyrtus,Bisectae
Eucalyptus_longicornis,Symphyomyrtus,269,Bisectae,Symphyomyrtus,Bisectae
Eucalyptus_brockwayi,Symphyomyrtus,270,Bisectae,Symphyomyrtus,Bisectae
Eucalyptus_petrensis,Symphyomyrtus,271,Bisectae,Symphyomyrtus,Bisectae
Eucalyptus_ornata,Symphyomyrtus,272,Bisectae,Symphyomyrtus,Bisectae
Eucalyptus_purpurata,Symphyomyrtus,273,Bisectae,Symphyomyrtus,Bisectae
Eucalyptus_goniantha,Symphyomyrtus,274,Bisectae,Symphyomyrtus,Bisectae
Eucalyptus_falcata,Symphyomyrtus,275,Bisectae,Symphyomyrtus,Bisectae
Eucalyptus_kessellii,Symphyomyrtus,276,Bisectae,Symphyomyrtus,Bisectae
Eucalyptus_aspersa,Symphyomyrtus,277,Bisectae,Symphyomyrtus,Bisectae
Eucalyptus_oleosa,Symphyomyrtus,278,Bisectae,Symphyomyrtus,Bisectae
Eucalyptus_luculenta,Symphyomyrtus,279,Bisectae,Symphyomyrtus,Bisectae
Eucalyptus_micranthera,Symphyomyrtus,280,Bisectae,Symphyomyrtus,Bisectae
Eucalyptus_neutra,Symphyomyrtus,281,Bisectae,Symphyomyrtus,Bisectae
Eucalyptus_urna,Symphyomyrtus,282,Bisectae,Symphyomyrtus,Bisectae
Eucalyptus_hypolaena,Symphyomyrtus,283,Bisectae,Symphyomyrtus,Bisectae
Eucalyptus_indurata,Symphyomyrtus,284,Bisectae,Symphyomyrtus,Bisectae
Eucalyptus_wyolensis,Symphyomyrtus,285,Bisectae,Symphyomyrtus,Bisectae
Eucalyptus_vokesensis,Symphyomyrtus,286,Bisectae,Symphyomyrtus,Bisectae
Eucalyptus_gillii,Symphyomyrtus,287,Bisectae,Symphyomyrtus,Bisectae
Eucalyptus_socialis,Symphyomyrtus,288,Bisectae,Symphyomyrtus,Bisectae
Eucalyptus_eremicola,Symphyomyrtus,289,Bisectae,Symphyomyrtus,Bisectae
Eucalyptus_cooperiana,Symphyomyrtus,290,Bisectae,Symphyomyrtus,Bisectae
Eucalyptus_yalatensis,Symphyomyrtus,291,Bisectae,Symphyomyrtus,Bisectae
Eucalyptus_flocktoniae,Symphyomyrtus,292,Bisectae,Symphyomyrtus,Bisectae
Eucalyptus_optima,Symphyomyrtus,293,Bisectae,Symphyomyrtus,Bisectae
Eucalyptus_yumbarrana,Symphyomyrtus,294,Bisectae,Symphyomyrtus,Bisectae
Eucalyptus_kumarlensis,Symphyomyrtus,295,Bisectae,Symphyomyrtus,Bisectae
Eucalyptus_dissimulata,Symphyomyrtus,296,Bisectae,Symphyomyrtus,Bisectae
Eucalyptus_perangusta,Symphyomyrtus,297,Bisectae,Symphyomyrtus,Bisectae
Eucalyptus_minigwalica,Symphyomyrtus,298,Bisectae,Symphyomyrtus,Bisectae
Eucalyptus_salicola,Symphyomyrtus,299,Bisectae,Symphyomyrtus,Bisectae
Eucalyptus_leptophylla,Symphyomyrtus,300,Bisectae,Symphyomyrtus,Bisectae
Eucalyptus_olivina,Symphyomyrtus,301,Bisectae,Symphyomyrtus,Bisectae
Eucalyptus_orthostemon,Symphyomyrtus,302,Bisectae,Symphyomyrtus,Bisectae
Eucalyptus_discreta,Symphyomyrtus,303,Bisectae,Symphyomyrtus,Bisectae
Eucalyptus_horistes,Symphyomyrtus,304,Bisectae,Symphyomyrtus,Bisectae
Eucalyptus_rigidula,Symphyomyrtus,305,Bisectae,Symphyomyrtus,Bisectae
Eucalyptus_uncinata,Symphyomyrtus,306,Bisectae,Symphyomyrtus,Bisectae
Eucalyptus_latens,Symphyomyrtus,307,Bisectae,Symphyomyrtus,Bisectae
Eucalyptus_wandoo,Symphyomyrtus,308,Bisectae,Symphyomyrtus,Bisectae
Eucalyptus_albida,Symphyomyrtus,309,Bisectae,Symphyomyrtus,Bisectae
Eucalyptus_formanii,Symphyomyrtus,310,Bisectae,Symphyomyrtus,Bisectae
Eucalyptus_fruticosa,Symphyomyrtus,311,Bisectae,Symphyomyrtus,Bisectae
Eucalyptus_foecunda,Symphyomyrtus,312,Bisectae,Symphyomyrtus,Bisectae
Eucalyptus_obesa,Symphyomyrtus,313,Bisectae,Symphyomyrtus,Bisectae
Eucalyptus_capillosa,Symphyomyrtus,314,Glandulosae,Symphyomyrtus,NA
Eucalyptus_brachyandra,Symphyomyrtus,315,Dumaria,Symphyomyrtus,NA
Eucalyptus_cosmophylla,Symphyomyrtus,316,Incognitae,Symphyomyrtus,NA
Eucalyptus_paludicola,Symphyomyrtus,317,Incognitae,Symphyomyrtus,NA
Eucalyptus_rudis,Symphyomyrtus,318,Exsertaria,Symphyomyrtus,Exsertaria
Eucalyptus_cupularis,Symphyomyrtus,319,Exsertaria,Symphyomyrtus,Exsertaria
Eucalyptus_herbertiana,Symphyomyrtus,320,Exsertaria,Symphyomyrtus,Exsertaria
Eucalyptus_apodophylla,Symphyomyrtus,321,Exsertaria,Symphyomyrtus,Exsertaria
Eucalyptus_platyphylla,Symphyomyrtus,322,Exsertaria,Symphyomyrtus,Exsertaria
Eucalyptus_houseana,Symphyomyrtus,323,Exsertaria,Symphyomyrtus,Exsertaria
Eucalyptus_alba,Symphyomyrtus,324,Exsertaria,Symphyomyrtus,Exsertaria
Eucalyptus_mooreana,Symphyomyrtus,325,Exsertaria,Symphyomyrtus,Exsertaria
Eucalyptus_longirostrata,Symphyomyrtus,326,Pumilio,Symphyomyrtus,NA
Eucalyptus_pumila,Symphyomyrtus,327,Pumilio,Symphyomyrtus,NA
Eucalyptus_canaliculata,Symphyomyrtus,328,Pumilio,Symphyomyrtus,NA
Eucalyptus_canaliculata,Symphyomyrtus,328,Platysperma,Symphyomyrtus,NA
Eucalyptus_prava,Symphyomyrtus,329,Exsertaria,Symphyomyrtus,Exsertaria
Eucalyptus_gregoriensis,Symphyomyrtus,330,Exsertaria,Symphyomyrtus,Exsertaria
Eucalyptus_scias,Symphyomyrtus,331,Latoangulatae,Symphyomyrtus,NA
Eucalyptus_pellita,Symphyomyrtus,332,Latoangulatae,Symphyomyrtus,NA
Eucalyptus_grandis,Symphyomyrtus,333,Latoangulatae,Symphyomyrtus,NA
Eucalyptus_resinifera,Symphyomyrtus,334,Latoangulatae,Symphyomyrtus,NA
Eucalyptus_saligna,Symphyomyrtus,335,Latoangulatae,Symphyomyrtus,NA
Eucalyptus_grisea,Symphyomyrtus,336,Pumilio,Symphyomyrtus,NA
Eucalyptus_tintinnans,Symphyomyrtus,337,Exsertaria,Symphyomyrtus,Exsertaria
Eucalyptus_brassiana,Symphyomyrtus,338,Exsertaria,Symphyomyrtus,Exsertaria
Eucalyptus_amplifolia,Symphyomyrtus,339,Exsertaria,Symphyomyrtus,Exsertaria
Eucalyptus_camaldulensis,Symphyomyrtus,340,Exsertaria,Symphyomyrtus,Exsertaria
Eucalyptus_tereticornis,Symphyomyrtus,341,Exsertaria,Symphyomyrtus,Exsertaria
Eucalyptus_glaucina,Symphyomyrtus,342,Exsertaria,Symphyomyrtus,Exsertaria
Eucalyptus_flindersii,Symphyomyrtus,343,Exsertaria,Symphyomyrtus,Exsertaria
Eucalyptus_nudicaulis,Symphyomyrtus,344,Exsertaria,Symphyomyrtus,Exsertaria
Eucalyptus_morrisii,Symphyomyrtus,345,Exsertaria,Symphyomyrtus,Exsertaria
Eucalyptus_dwyeri,Symphyomyrtus,346,Exsertaria,Symphyomyrtus,Exsertaria
Eucalyptus_infera,Symphyomyrtus,347,Exsertaria,Symphyomyrtus,Exsertaria
Eucalyptus_blakelyi,Symphyomyrtus,348,Exsertaria,Symphyomyrtus,Exsertaria
Eucalyptus_gillenii,Symphyomyrtus,349,Exsertaria,Symphyomyrtus,Exsertaria
Eucalyptus_interstans,Symphyomyrtus,350,Exsertaria,Symphyomyrtus,Exsertaria
Eucalyptus_aggregata,Symphyomyrtus,351,Maidenaria,Symphyomyrtus,NA
Eucalyptus_nanderwairca,Symphyomyrtus,352,NA,Symphyomyrtus,Exsertaria
Eucalyptus_lockyeri,Symphyomyrtus,353,Exsertaria,Symphyomyrtus,Exsertaria
Eucalyptus_vicina,Symphyomyrtus,354,Exsertaria,Symphyomyrtus,Exsertaria
Eucalyptus_dealbata,Symphyomyrtus,355,Exsertaria,Symphyomyrtus,Exsertaria
Eucalyptus_hallii,Symphyomyrtus,356,Exsertaria,Symphyomyrtus,Exsertaria
Eucalyptus_major,Symphyomyrtus,357,Exsertaria,Symphyomyrtus,Exsertaria
Eucalyptus_subcrenulata,Symphyomyrtus,358,Maidenaria,Symphyomyrtus,NA
Eucalyptus_seeana,Symphyomyrtus,359,Exsertaria,Symphyomyrtus,Exsertaria
Eucalyptus_leucophloia,Symphyomyrtus,360,Platysperma,Symphyomyrtus,NA
Eucalyptus_michaeliana,Symphyomyrtus,361,Racemus,Symphyomyrtus,NA
Eucalyptus_parramattensis,Symphyomyrtus,362,Exsertaria,Symphyomyrtus,Exsertaria
Eucalyptus_propinqua,Symphyomyrtus,363,Exsertaria,Symphyomyrtus,Exsertaria
Eucalyptus_neglecta,Symphyomyrtus,364,Maidenaria,Symphyomyrtus,Maidenaria
Eucalyptus_botryoides,Symphyomyrtus,365,Latoangulatae,Symphyomyrtus,NA
Eucalyptus_morrisbyi,Symphyomyrtus,366,Maidenaria,Symphyomyrtus,Maidenaria
Eucalyptus_quadrangulata,Symphyomyrtus,367,Maidenaria,Symphyomyrtus,Maidenaria
Eucalyptus_deanei,Symphyomyrtus,368,Maidenaria,Symphyomyrtus,Maidenaria
Eucalyptus_crenulata,Symphyomyrtus,369,Maidenaria,Symphyomyrtus,Maidenaria
Eucalyptus_camphora,Symphyomyrtus,370,Maidenaria,Symphyomyrtus,Maidenaria
Eucalyptus_angophoroides,Symphyomyrtus,371,Maidenaria,Symphyomyrtus,Maidenaria
Eucalyptus_bridgesiana,Symphyomyrtus,372,Maidenaria,Symphyomyrtus,Maidenaria
Eucalyptus_malacoxylon,Symphyomyrtus,373,Maidenaria,Symphyomyrtus,Maidenaria
Eucalyptus_barberi,Symphyomyrtus,374,Maidenaria,Symphyomyrtus,Maidenaria
Eucalyptus_globulus,Symphyomyrtus,375,Maidenaria,Symphyomyrtus,Maidenaria
Eucalyptus_cordata,Symphyomyrtus,376,Maidenaria,Symphyomyrtus,Maidenaria
Eucalyptus_rubida,Symphyomyrtus,377,Maidenaria,Symphyomyrtus,Maidenaria
Eucalyptus_dunnii,Symphyomyrtus,378,Maidenaria,Symphyomyrtus,Maidenaria
Eucalyptus_retinens,Symphyomyrtus,379,Maidenaria,Symphyomyrtus,Maidenaria
Eucalyptus_cadens,Symphyomyrtus,380,Maidenaria,Symphyomyrtus,Maidenaria
Eucalyptus_smithii,Symphyomyrtus,381,Maidenaria,Symphyomyrtus,Maidenaria
Eucalyptus_yarraensis,Symphyomyrtus,382,Maidenaria,Symphyomyrtus,Maidenaria
Eucalyptus_nova,Symphyomyrtus,383,NA,Symphyomyrtus,Maidenaria
Eucalyptus_kartzoffiana,Symphyomyrtus,384,Maidenaria,Symphyomyrtus,Maidenaria
Eucalyptus_strzeleckii,Symphyomyrtus,385,Maidenaria,Symphyomyrtus,Maidenaria
Eucalyptus_acaciiformis,Symphyomyrtus,386,Maidenaria,Symphyomyrtus,Maidenaria
Eucalyptus_aromaphloia,Symphyomyrtus,387,Maidenaria,Symphyomyrtus,Maidenaria
Eucalyptus_conspicua,Symphyomyrtus,388,Maidenaria,Symphyomyrtus,Maidenaria
Eucalyptus_ovata,Symphyomyrtus,389,Maidenaria,Symphyomyrtus,Maidenaria
Eucalyptus_ignorabilis,Symphyomyrtus,390,Maidenaria,Symphyomyrtus,Maidenaria
Eucalyptus_mannifera,Symphyomyrtus,391,Maidenaria,Symphyomyrtus,Maidenaria
Eucalyptus_macarthurii,Symphyomyrtus,392,Maidenaria,Symphyomyrtus,Maidenaria
Eucalyptus_rodwayi,Symphyomyrtus,393,Maidenaria,Symphyomyrtus,Maidenaria
Eucalyptus_wilcoxii,Symphyomyrtus,394,Maidenaria,Symphyomyrtus,Maidenaria
Eucalyptus_alligatrix,Symphyomyrtus,395,Maidenaria,Symphyomyrtus,Maidenaria
Eucalyptus_nitens,Symphyomyrtus,396,Maidenaria,Symphyomyrtus,Maidenaria
Eucalyptus_vernicosa,Symphyomyrtus,397,Maidenaria,Symphyomyrtus,Maidenaria
Eucalyptus_saxatilis,Symphyomyrtus,398,Maidenaria,Symphyomyrtus,Maidenaria
Eucalyptus_canobolensis,Symphyomyrtus,399,Maidenaria,Symphyomyrtus,Maidenaria
Eucalyptus_corticosa,Symphyomyrtus,400,Maidenaria,Symphyomyrtus,Maidenaria
Eucalyptus_perriniana,Symphyomyrtus,401,Maidenaria,Symphyomyrtus,Maidenaria
Eucalyptus_recurva,Symphyomyrtus,402,Maidenaria,Symphyomyrtus,Maidenaria
Eucalyptus_denticulata,Symphyomyrtus,403,Maidenaria,Symphyomyrtus,Maidenaria
Eucalyptus_glaucescens,Symphyomyrtus,404,Maidenaria,Symphyomyrtus,Maidenaria
Eucalyptus_fulgens,Symphyomyrtus,405,Maidenaria,Symphyomyrtus,Maidenaria
Eucalyptus_cinerea,Symphyomyrtus,406,Maidenaria,Symphyomyrtus,Maidenaria
Eucalyptus_baeuerlenii,Symphyomyrtus,407,Maidenaria,Symphyomyrtus,Maidenaria
Eucalyptus_microneura,Symphyomyrtus,408,Adnataria,Symphyomyrtus,NA
Eucalyptus_pulverulenta,Symphyomyrtus,409,Maidenaria,Symphyomyrtus,Maidenaria
Eucalyptus_brookeriana,Symphyomyrtus,410,Maidenaria,Symphyomyrtus,Maidenaria
Eucalyptus_parvula,Symphyomyrtus,411,Maidenaria,Symphyomyrtus,Maidenaria
Eucalyptus_cephalocarpa,Symphyomyrtus,412,Maidenaria,Symphyomyrtus,Maidenaria
Eucalyptus_splendens,Symphyomyrtus,413,Maidenaria,Symphyomyrtus,Maidenaria
Eucalyptus_goniocalyx,Symphyomyrtus,414,Maidenaria,Symphyomyrtus,Maidenaria
Eucalyptus_nortonii,Symphyomyrtus,415,Maidenaria,Symphyomyrtus,Maidenaria
Eucalyptus_viminalis,Symphyomyrtus,416,Maidenaria,Symphyomyrtus,Maidenaria
Eucalyptus_imlayensis,Symphyomyrtus,417,Maidenaria,Symphyomyrtus,Maidenaria
Eucalyptus_elaeophloia,Symphyomyrtus,418,Maidenaria,Symphyomyrtus,Maidenaria
Eucalyptus_kitsoniana,Symphyomyrtus,419,Maidenaria,Symphyomyrtus,Maidenaria
Eucalyptus_dalrympleana,Symphyomyrtus,420,Maidenaria,Symphyomyrtus,Maidenaria
Eucalyptus_gunnii,Symphyomyrtus,421,Maidenaria,Symphyomyrtus,Maidenaria
Eucalyptus_badjensis,Symphyomyrtus,422,Maidenaria,Symphyomyrtus,Maidenaria
Eucalyptus_benthamii,Symphyomyrtus,423,Maidenaria,Symphyomyrtus,Maidenaria
Eucalyptus_alaticaulis,Symphyomyrtus,424,Maidenaria,Symphyomyrtus,Maidenaria
Eucalyptus_sturgissiana,Symphyomyrtus,425,Maidenaria,Symphyomyrtus,Maidenaria
Eucalyptus_cypellocarpa,Symphyomyrtus,426,Maidenaria,Symphyomyrtus,Maidenaria
Eucalyptus_longifolia,Symphyomyrtus,427,Incognitae,Symphyomyrtus,NA
Eucalyptus_scoparia,Symphyomyrtus,428,Maidenaria,Symphyomyrtus,Maidenaria
Eucalyptus_elliptica,Symphyomyrtus,429,Maidenaria,Symphyomyrtus,Maidenaria
Eucalyptus_nicholii,Symphyomyrtus,430,Maidenaria,Symphyomyrtus,Maidenaria
Eucalyptus_nobilis,Symphyomyrtus,431,Maidenaria,Symphyomyrtus,Maidenaria
Eucalyptus_lucasii,Symphyomyrtus,432,Adnataria,Symphyomyrtus,Adnataria
Eucalyptus_beardiana,Symphyomyrtus,433,Adnataria,Symphyomyrtus,Adnataria
Eucalyptus_rummeryi,Symphyomyrtus,434,Adnataria,Symphyomyrtus,Adnataria
Eucalyptus_albopurpurea,Symphyomyrtus,435,Adnataria,Symphyomyrtus,Adnataria
Eucalyptus_xerothermica,Symphyomyrtus,436,Adnataria,Symphyomyrtus,Adnataria
Eucalyptus_tephrodes,Symphyomyrtus,437,Adnataria,Symphyomyrtus,Adnataria
Eucalyptus_victrix,Symphyomyrtus,438,Adnataria,Symphyomyrtus,Adnataria
Eucalyptus_argillacea,Symphyomyrtus,439,Adnataria,Symphyomyrtus,Adnataria
Eucalyptus_pilbarensis,Symphyomyrtus,440,Adnataria,Symphyomyrtus,Adnataria
Eucalyptus_sparsa,Symphyomyrtus,441,Adnataria,Symphyomyrtus,Adnataria
Eucalyptus_tetrapleura,Symphyomyrtus,442,Adnataria,Symphyomyrtus,Adnataria
Eucalyptus_fibrosa,Symphyomyrtus,443,Adnataria,Symphyomyrtus,Adnataria
Eucalyptus_scopulorum,Symphyomyrtus,444,Adnataria,Symphyomyrtus,Adnataria
Eucalyptus_caleyi,Symphyomyrtus,445,Adnataria,Symphyomyrtus,Adnataria
Eucalyptus_crebra,Symphyomyrtus,446,Adnataria,Symphyomyrtus,Adnataria
Eucalyptus_decolor,Symphyomyrtus,447,Adnataria,Symphyomyrtus,Adnataria
Eucalyptus_dura,Symphyomyrtus,448,Adnataria,Symphyomyrtus,Adnataria
Eucalyptus_rhombica,Symphyomyrtus,449,Adnataria,Symphyomyrtus,Adnataria
Eucalyptus_panda,Symphyomyrtus,450,Adnataria,Symphyomyrtus,Adnataria
Eucalyptus_decorticans,Symphyomyrtus,451,Adnataria,Symphyomyrtus,Adnataria
Eucalyptus_melanoleuca,Symphyomyrtus,452,Adnataria,Symphyomyrtus,Adnataria
Eucalyptus_acroleuca,Symphyomyrtus,453,Adnataria,Symphyomyrtus,Adnataria
Eucalyptus_coolabah,Symphyomyrtus,454,Adnataria,Symphyomyrtus,Adnataria
Eucalyptus_limitaris,Symphyomyrtus,455,Adnataria,Symphyomyrtus,Adnataria
Eucalyptus_chlorophylla,Symphyomyrtus,456,Adnataria,Symphyomyrtus,Adnataria
Eucalyptus_tectifica,Symphyomyrtus,457,Adnataria,Symphyomyrtus,Adnataria
Eucalyptus_raveretiana,Symphyomyrtus,458,Adnataria,Symphyomyrtus,Adnataria
Eucalyptus_polyanthemos,Symphyomyrtus,459,Adnataria,Symphyomyrtus,Adnataria
Eucalyptus_fasciculosa,Symphyomyrtus,460,Adnataria,Symphyomyrtus,Adnataria
Eucalyptus_lucens,Symphyomyrtus,461,Adnataria,Symphyomyrtus,Adnataria
Eucalyptus_farinosa,Symphyomyrtus,462,Adnataria,Symphyomyrtus,Adnataria
Eucalyptus_patellaris,Symphyomyrtus,463,Adnataria,Symphyomyrtus,Adnataria
Eucalyptus_intertexta,Symphyomyrtus,464,Adnataria,Symphyomyrtus,Adnataria
Eucalyptus_beaniana,Symphyomyrtus,465,Adnataria,Symphyomyrtus,Adnataria
Eucalyptus_granitica,Symphyomyrtus,466,Adnataria,Symphyomyrtus,Adnataria
Eucalyptus_magnificata,Symphyomyrtus,467,Adnataria,Symphyomyrtus,Adnataria
Eucalyptus_ophitica,Symphyomyrtus,468,Adnataria,Symphyomyrtus,Adnataria
Eucalyptus_thozetiana,Symphyomyrtus,469,Adnataria,Symphyomyrtus,Adnataria
Eucalyptus_ochrophloia,Symphyomyrtus,470,Adnataria,Symphyomyrtus,Adnataria
Eucalyptus_sideroxylon,Symphyomyrtus,471,Adnataria,Symphyomyrtus,Adnataria
Eucalyptus_placita,Symphyomyrtus,472,Adnataria,Symphyomyrtus,Adnataria
Eucalyptus_castrensis,Symphyomyrtus,473,Adnataria,Symphyomyrtus,Adnataria
Eucalyptus_distans,Symphyomyrtus,474,Adnataria,Symphyomyrtus,Adnataria
Eucalyptus_sicilifolia,Symphyomyrtus,475,Adnataria,Symphyomyrtus,Adnataria
Eucalyptus_dawsonii,Symphyomyrtus,476,Adnataria,Symphyomyrtus,Adnataria
Eucalyptus_conica,Symphyomyrtus,477,Adnataria,Symphyomyrtus,Adnataria
Eucalyptus_orgadophila,Symphyomyrtus,478,Adnataria,Symphyomyrtus,Adnataria
Eucalyptus_tholiformis,Symphyomyrtus,479,Adnataria,Symphyomyrtus,Adnataria
Eucalyptus_rudderi,Symphyomyrtus,480,Adnataria,Symphyomyrtus,Adnataria
Eucalyptus_viridis,Symphyomyrtus,481,Adnataria,Symphyomyrtus,Adnataria
Eucalyptus_populnea,Symphyomyrtus,482,Adnataria,Symphyomyrtus,Adnataria
Eucalyptus_pruinosa,Symphyomyrtus,483,Adnataria,Symphyomyrtus,Adnataria
Eucalyptus_howittiana,Symphyomyrtus,484,Adnataria,Symphyomyrtus,Adnataria
Eucalyptus_exilipes,Symphyomyrtus,485,Adnataria,Symphyomyrtus,Adnataria
Eucalyptus_argophloia,Symphyomyrtus,486,Adnataria,Symphyomyrtus,Adnataria
Eucalyptus_beyeriana,Symphyomyrtus,487,Adnataria,Symphyomyrtus,Adnataria
Eucalyptus_fusiformis,Symphyomyrtus,488,Adnataria,Symphyomyrtus,Adnataria
Eucalyptus_largiflorens,Symphyomyrtus,489,Adnataria,Symphyomyrtus,Adnataria
Eucalyptus_moluccana,Symphyomyrtus,490,Adnataria,Symphyomyrtus,Adnataria
Eucalyptus_microtheca,Symphyomyrtus,491,Adnataria,Symphyomyrtus,Adnataria
Eucalyptus_confluens,Symphyomyrtus,492,Platysperma,Symphyomyrtus,NA
Eucalyptus_brevifolia,Symphyomyrtus,493,Platysperma,Symphyomyrtus,NA
Eucalyptus_leptophleba,Symphyomyrtus,494,Adnataria,Symphyomyrtus,Adnataria
Eucalyptus_persistens,Symphyomyrtus,495,Adnataria,Symphyomyrtus,Adnataria
Eucalyptus_oligantha,Symphyomyrtus,496,Adnataria,Symphyomyrtus,Adnataria
Eucalyptus_koolpinensis,Symphyomyrtus,497,Adnataria,Symphyomyrtus,Adnataria
Eucalyptus_obconica,Symphyomyrtus,498,Adnataria,Symphyomyrtus,Adnataria
Eucalyptus_virens,Symphyomyrtus,499,Adnataria,Symphyomyrtus,Adnataria
Eucalyptus_atrata,Symphyomyrtus,500,Adnataria,Symphyomyrtus,Adnataria
Eucalyptus_quadricostata,Symphyomyrtus,501,Adnataria,Symphyomyrtus,Adnataria
Eucalyptus_ancophila,Symphyomyrtus,502,Adnataria,Symphyomyrtus,Adnataria
Eucalyptus_melanophloia,Symphyomyrtus,503,Adnataria,Symphyomyrtus,Adnataria
Eucalyptus_paedoglauca,Symphyomyrtus,504,Adnataria,Symphyomyrtus,Adnataria
Eucalyptus_albens,Symphyomyrtus,505,Adnataria,Symphyomyrtus,Adnataria
Eucalyptus_pilligaensis,Symphyomyrtus,506,Adnataria,Symphyomyrtus,Adnataria
Eucalyptus_normantonensis,Symphyomyrtus,507,Adnataria,Symphyomyrtus,Adnataria
Eucalyptus_polybractea,Symphyomyrtus,508,Adnataria,Symphyomyrtus,Adnataria
Eucalyptus_microcarpa,Symphyomyrtus,509,Adnataria,Symphyomyrtus,Adnataria
Eucalyptus_froggattii,Symphyomyrtus,510,Adnataria,Symphyomyrtus,Adnataria
Eucalyptus_cladocalyx,Symphyomyrtus,511,Sejunctae,Symphyomyrtus,NA
Eucalyptus_bosistoana,Symphyomyrtus,512,Adnataria,Symphyomyrtus,Adnataria
Eucalyptus_leucoxylon,Symphyomyrtus,513,Adnataria,Symphyomyrtus,Adnataria
Eucalyptus_tricarpa,Symphyomyrtus,514,Adnataria,Symphyomyrtus,Adnataria
Eucalyptus_melliodora,Symphyomyrtus,515,Adnataria,Symphyomyrtus,Adnataria
Eucalyptus_largeana,Symphyomyrtus,516,Adnataria,Symphyomyrtus,Adnataria
Eucalyptus_siderophloia,Symphyomyrtus,517,Adnataria,Symphyomyrtus,Adnataria
Eucalyptus_paniculata,Symphyomyrtus,518,Adnataria,Symphyomyrtus,Adnataria
Eucalyptus_petiolaris,Symphyomyrtus,519,Adnataria,Symphyomyrtus,Adnataria
Eucalyptus_baueriana,Symphyomyrtus,520,Adnataria,Symphyomyrtus,Adnataria
Eucalyptus_porosa,Symphyomyrtus,521,Adnataria,Symphyomyrtus,Adnataria
Eucalyptus_behriana,Symphyomyrtus,522,Adnataria,Symphyomyrtus,Adnataria
Eucalyptus_lansdowneana,Symphyomyrtus,523,Adnataria,Symphyomyrtus,Adnataria
Eucalyptus_concinna,Symphyomyrtus,524,Dumaria,Symphyomyrtus,NA
Eucalyptus_percostata,Symphyomyrtus,525,Dumaria,Symphyomyrtus,NA
Eucalyptus_petraea,Symphyomyrtus,526,Adnataria,Symphyomyrtus,Adnataria
Eucalyptus_cuprea,Symphyomyrtus,527,Adnataria,Symphyomyrtus,Adnataria
Eucalyptus_absita,Symphyomyrtus,528,Adnataria,Symphyomyrtus,Adnataria
Eucalyptus_ceratocorys,Symphyomyrtus,529,Dumaria,Symphyomyrtus,Dumaria
Eucalyptus_oraria,Symphyomyrtus,530,Dumaria,Symphyomyrtus,Dumaria
Eucalyptus_celastroides,Symphyomyrtus,531,Sejunctae,Symphyomyrtus,NA
Eucalyptus_prolixa,Symphyomyrtus,532,Sejunctae,Symphyomyrtus,NA
Eucalyptus_calycogona,Symphyomyrtus,533,Sejunctae,Symphyomyrtus,NA
Eucalyptus_yilgarnensis,Symphyomyrtus,534,Sejunctae,Symphyomyrtus,NA
Eucalyptus_gracilis,Symphyomyrtus,535,Sejunctae,Symphyomyrtus,NA
Eucalyptus_quadrans,Symphyomyrtus,536,Sejunctae,Symphyomyrtus,NA
Eucalyptus_halophila,Symphyomyrtus,537,Sejunctae,Symphyomyrtus,NA
Eucalyptus_exigua,Symphyomyrtus,538,Dumaria,Symphyomyrtus,Dumaria
Eucalyptus_leptocalyx,Symphyomyrtus,539,Dumaria,Symphyomyrtus,Dumaria
Eucalyptus_scyphocalyx,Symphyomyrtus,540,Dumaria,Symphyomyrtus,Dumaria
Eucalyptus_websteriana,Symphyomyrtus,541,Dumaria,Symphyomyrtus,Dumaria
Eucalyptus_tetraptera,Symphyomyrtus,542,Dumaria,Symphyomyrtus,Dumaria
Eucalyptus_cylindrocarpa,Symphyomyrtus,543,Dumaria,Symphyomyrtus,Dumaria
Eucalyptus_pimpiniana,Symphyomyrtus,544,Dumaria,Symphyomyrtus,Dumaria
Eucalyptus_rugosa,Symphyomyrtus,545,Dumaria,Symphyomyrtus,Dumaria
Eucalyptus_litorea,Symphyomyrtus,546,Dumaria,Symphyomyrtus,Dumaria
Eucalyptus_subangusta,Symphyomyrtus,547,Glandulosae,Symphyomyrtus,NA
Eucalyptus_aequioperta,Symphyomyrtus,548,Dumaria,Symphyomyrtus,Dumaria
Eucalyptus_woodwardii,Symphyomyrtus,549,Dumaria,Symphyomyrtus,Dumaria
Eucalyptus_dundasii,Symphyomyrtus,550,Glandulosae,Symphyomyrtus,NA
Eucalyptus_rigens,Symphyomyrtus,551,Dumaria,Symphyomyrtus,Dumaria
Eucalyptus_lesouefii,Symphyomyrtus,552,Dumaria,Symphyomyrtus,Dumaria
Eucalyptus_forrestiana,Symphyomyrtus,553,Dumaria,Symphyomyrtus,Dumaria
Eucalyptus_captiosa,Symphyomyrtus,554,Dumaria,Symphyomyrtus,Dumaria
Eucalyptus_stoatei,Symphyomyrtus,555,Dumaria,Symphyomyrtus,Dumaria
Eucalyptus_incrassata,Symphyomyrtus,556,Dumaria,Symphyomyrtus,Dumaria
Eucalyptus_singularis,Symphyomyrtus,557,Dumaria,Symphyomyrtus,Dumaria
Eucalyptus_dolichorhyncha,Symphyomyrtus,558,Dumaria,Symphyomyrtus,Dumaria
Eucalyptus_angulosa,Symphyomyrtus,559,Dumaria,Symphyomyrtus,Dumaria
Eucalyptus_griffithsii,Symphyomyrtus,560,Dumaria,Symphyomyrtus,Dumaria
Eucalyptus_melanoxylon,Symphyomyrtus,561,Dumaria,Symphyomyrtus,Dumaria
Eucalyptus_transcontinentalis,Symphyomyrtus,562,Sejunctae,Symphyomyrtus,NA
Eucalyptus_famelica,Symphyomyrtus,563,Dumaria,Symphyomyrtus,Dumaria
Eucalyptus_deflexa,Symphyomyrtus,564,Dumaria,Symphyomyrtus,Dumaria
Eucalyptus_calcareana,Symphyomyrtus,565,Dumaria,Symphyomyrtus,Dumaria
Eucalyptus_platycorys,Symphyomyrtus,566,Dumaria,Symphyomyrtus,Dumaria
Eucalyptus_brevipes,Symphyomyrtus,567,Sejunctae,Symphyomyrtus,NA
Eucalyptus_surgens,Symphyomyrtus,568,Dumaria,Symphyomyrtus,Dumaria
Eucalyptus_ovularis,Symphyomyrtus,569,Dumaria,Symphyomyrtus,Dumaria
Eucalyptus_merrickiae,Symphyomyrtus,570,Dumaria,Symphyomyrtus,Dumaria
Eucalyptus_cretata,Symphyomyrtus,571,Dumaria,Symphyomyrtus,Dumaria
Eucalyptus_canescens,Symphyomyrtus,572,Dumaria,Symphyomyrtus,Dumaria
Eucalyptus_phenax,Symphyomyrtus,573,Dumaria,Symphyomyrtus,Dumaria
Eucalyptus_cyanophylla,Symphyomyrtus,574,Dumaria,Symphyomyrtus,Dumaria
Eucalyptus_dumosa,Symphyomyrtus,575,Dumaria,Symphyomyrtus,Dumaria
Eucalyptus_fraseri,Symphyomyrtus,576,Dumaria,Symphyomyrtus,Dumaria
Eucalyptus_argutifolia,Symphyomyrtus,577,Dumaria,Symphyomyrtus,Dumaria
Eucalyptus_brachycalyx,Symphyomyrtus,578,Dumaria,Symphyomyrtus,Dumaria
Eucalyptus_pterocarpa,Symphyomyrtus,579,Dumaria,Symphyomyrtus,Dumaria
Eucalyptus_conglobata,Symphyomyrtus,580,Dumaria,Symphyomyrtus,Dumaria
Eucalyptus_valens,Symphyomyrtus,581,Dumaria,Symphyomyrtus,Dumaria
Eucalyptus_gypsophila,Symphyomyrtus,582,Dumaria,Symphyomyrtus,Dumaria
Eucalyptus_assimilans,Symphyomyrtus,583,Dumaria,Symphyomyrtus,Dumaria
Eucalyptus_distuberosa,Symphyomyrtus,584,Dumaria,Symphyomyrtus,Dumaria
Eucalyptus_frenchiana,Symphyomyrtus,585,Dumaria,Symphyomyrtus,Dumaria
Eucalyptus_spreta,Symphyomyrtus,586,Dumaria,Symphyomyrtus,Dumaria
Eucalyptus_pileata,Symphyomyrtus,587,Dumaria,Symphyomyrtus,Dumaria
Eucalyptus_clelandii,Symphyomyrtus,588,Dumaria,Symphyomyrtus,Dumaria
Eucalyptus_torquata,Symphyomyrtus,589,Dumaria,Symphyomyrtus,Dumaria
Eucalyptus_vittata,Symphyomyrtus,590,Dumaria,Symphyomyrtus,Dumaria
Eucalyptus_tenuis,Symphyomyrtus,591,Dumaria,Symphyomyrtus,Dumaria
Eucalyptus_myriadena,Symphyomyrtus,592,Dumaria,Symphyomyrtus,Dumaria
Eucalyptus_obtusiflora,Symphyomyrtus,593,Dumaria,Symphyomyrtus,Dumaria
Eucalyptus_polita,Symphyomyrtus,594,Dumaria,Symphyomyrtus,Dumaria
Eucalyptus_kondininensis,Symphyomyrtus,595,Dumaria,Symphyomyrtus,Dumaria
Eucalyptus_georgei,Symphyomyrtus,596,Dumaria,Symphyomyrtus,Dumaria
Eucalyptus_corrugata,Symphyomyrtus,597,Dumaria,Symphyomyrtus,Dumaria
Eucalyptus_comitae,Symphyomyrtus,598,NA,Symphyomyrtus,Dumaria
Eucalyptus_protensa,Symphyomyrtus,599,Glandulosae,Symphyomyrtus,Glandulosae
Eucalyptus_salubris,Symphyomyrtus,600,Glandulosae,Symphyomyrtus,Glandulosae
Eucalyptus_tumida,Symphyomyrtus,601,Glandulosae,Symphyomyrtus,Glandulosae
Eucalyptus_creta,Symphyomyrtus,602,Glandulosae,Symphyomyrtus,Glandulosae
Eucalyptus_terebra,Symphyomyrtus,603,Glandulosae,Symphyomyrtus,Glandulosae
Eucalyptus_effusa,Symphyomyrtus,604,Glandulosae,Symphyomyrtus,Glandulosae
Eucalyptus_campaspe,Symphyomyrtus,605,Glandulosae,Symphyomyrtus,Glandulosae
Eucalyptus_jimberlanica,Symphyomyrtus,606,Glandulosae,Symphyomyrtus,Glandulosae
Eucalyptus_diptera,Symphyomyrtus,607,Glandulosae,Symphyomyrtus,Glandulosae
Eucalyptus_ravida,Symphyomyrtus,608,Glandulosae,Symphyomyrtus,Glandulosae
Eucalyptus_pruiniramis,Symphyomyrtus,609,Glandulosae,Symphyomyrtus,Glandulosae
Eucalyptus_accedens,Symphyomyrtus,610,Glandulosae,Symphyomyrtus,Glandulosae
Eucalyptus_stowardii,Symphyomyrtus,611,Glandulosae,Symphyomyrtus,Glandulosae
Eucalyptus_carnei,Symphyomyrtus,612,Glandulosae,Symphyomyrtus,Glandulosae
Eucalyptus_grossa,Symphyomyrtus,613,Glandulosae,Symphyomyrtus,Glandulosae
Eucalyptus_thamnoides,Symphyomyrtus,614,Glandulosae,Symphyomyrtus,Glandulosae
Eucalyptus_xanthonema,Symphyomyrtus,615,Glandulosae,Symphyomyrtus,Glandulosae
Eucalyptus_tortilis,Symphyomyrtus,616,Glandulosae,Symphyomyrtus,Glandulosae
Eucalyptus_laeliae,Symphyomyrtus,617,Glandulosae,Symphyomyrtus,Glandulosae
Eucalyptus_wubinensis,Symphyomyrtus,618,Glandulosae,Symphyomyrtus,Glandulosae
Eucalyptus_trivalvis,Symphyomyrtus,619,Glandulosae,Symphyomyrtus,Glandulosae
Eucalyptus_articulata,Symphyomyrtus,620,Glandulosae,Symphyomyrtus,Glandulosae
Eucalyptus_loxophleba,Symphyomyrtus,621,Glandulosae,Symphyomyrtus,Glandulosae
Eucalyptus_zopherophloia,Symphyomyrtus,622,Glandulosae,Symphyomyrtus,Glandulosae
Eucalyptus_arachnae,Symphyomyrtus,623,NA,Symphyomyrtus,NA
Eucalyptus_praetermissa,Symphyomyrtus,624,Glandulosae,Symphyomyrtus,Glandulosae
Eucalyptus_phaenophylla,Symphyomyrtus,625,Glandulosae,Symphyomyrtus,Glandulosae
Eucalyptus_clivicola,Symphyomyrtus,626,Glandulosae,Symphyomyrtus,Glandulosae
Eucalyptus_melanophitra,Symphyomyrtus,627,Glandulosae,Symphyomyrtus,Glandulosae
Eucalyptus_histophylla,Symphyomyrtus,628,Glandulosae,Symphyomyrtus,Glandulosae
Eucalyptus_livida,Symphyomyrtus,629,Glandulosae,Symphyomyrtus,Glandulosae
Eucalyptus_abdita,Symphyomyrtus,630,Glandulosae,Symphyomyrtus,Glandulosae
Eucalyptus_pluricaulis,Symphyomyrtus,631,Glandulosae,Symphyomyrtus,Glandulosae
Eucalyptus_gardneri,Symphyomyrtus,632,Glandulosae,Symphyomyrtus,Glandulosae
Eucalyptus_densa,Symphyomyrtus,633,Glandulosae,Symphyomyrtus,Glandulosae
Eucalyptus_cyclostoma,Symphyomyrtus,634,Glandulosae,Symphyomyrtus,Glandulosae
Eucalyptus_kruseana,Symphyomyrtus,635,Glandulosae,Symphyomyrtus,Glandulosae
Eucalyptus_brachyphylla,Symphyomyrtus,636,Glandulosae,Symphyomyrtus,Glandulosae
Eucalyptus_extensa,Symphyomyrtus,637,Glandulosae,Symphyomyrtus,Glandulosae
Eucalyptus_semota,Symphyomyrtus,638,Glandulosae,Symphyomyrtus,Glandulosae
Eucalyptus_stricklandii,Symphyomyrtus,639,Glandulosae,Symphyomyrtus,Glandulosae
Eucalyptus_erythronema,Symphyomyrtus,640,Glandulosae,Symphyomyrtus,Glandulosae
Eucalyptus_talyuberlup,Symphyomyrtus,641,Glandulosae,Symphyomyrtus,Glandulosae
Eucalyptus_utilis,Symphyomyrtus,642,Glandulosae,Symphyomyrtus,Glandulosae
Eucalyptus_nutans,Symphyomyrtus,643,Glandulosae,Symphyomyrtus,Glandulosae
Eucalyptus_spathulata,Symphyomyrtus,644,Glandulosae,Symphyomyrtus,Glandulosae
Eucalyptus_prominens,Symphyomyrtus,645,Glandulosae,Symphyomyrtus,Glandulosae
Eucalyptus_vesiculosa,Symphyomyrtus,646,Glandulosae,Symphyomyrtus,Glandulosae
Eucalyptus_cernua,Symphyomyrtus,647,Glandulosae,Symphyomyrtus,Glandulosae
Eucalyptus_occidentalis,Symphyomyrtus,648,Glandulosae,Symphyomyrtus,Glandulosae
Eucalyptus_proxima,Symphyomyrtus,649,Glandulosae,Symphyomyrtus,Glandulosae
Eucalyptus_astringens,Symphyomyrtus,650,Glandulosae,Symphyomyrtus,Glandulosae
Eucalyptus_blaxellii,Symphyomyrtus,651,Glandulosae,Symphyomyrtus,Glandulosae
Eucalyptus_subtilis,Symphyomyrtus,652,Glandulosae,Symphyomyrtus,Glandulosae
Eucalyptus_whitei,Symphyomyrtus,653,Glandulosae,Symphyomyrtus,Glandulosae
Eucalyptus_cerasiformis,Symphyomyrtus,654,Glandulosae,Symphyomyrtus,Glandulosae
Eucalyptus_vegrandis,Symphyomyrtus,655,Glandulosae,Symphyomyrtus,Glandulosae
Eucalyptus_alipes,Symphyomyrtus,656,Glandulosae,Symphyomyrtus,Glandulosae
Eucalyptus_goniocarpa,Symphyomyrtus,657,Glandulosae,Symphyomyrtus,Glandulosae
Eucalyptus_desmondensis,Symphyomyrtus,658,Glandulosae,Symphyomyrtus,Glandulosae
Eucalyptus_hebetifolia,Symphyomyrtus,659,Glandulosae,Symphyomyrtus,Glandulosae
Eucalyptus_annulata,Symphyomyrtus,660,Glandulosae,Symphyomyrtus,Glandulosae
Eucalyptus_redunca,Symphyomyrtus,661,Glandulosae,Symphyomyrtus,Glandulosae
Eucalyptus_dielsii,Symphyomyrtus,662,Glandulosae,Symphyomyrtus,Glandulosae
Eucalyptus_suggrandis,Symphyomyrtus,663,Glandulosae,Symphyomyrtus,Glandulosae
Eucalyptus_tenera,Symphyomyrtus,664,Glandulosae,Symphyomyrtus,Glandulosae
Eucalyptus_eremophila,Symphyomyrtus,665,Glandulosae,Symphyomyrtus,Glandulosae
Eucalyptus_mimica,Symphyomyrtus,666,Glandulosae,Symphyomyrtus,Glandulosae
Eucalyptus_depauperata,Symphyomyrtus,667,Glandulosae,Symphyomyrtus,Glandulosae
Eucalyptus_cylindriflora,Symphyomyrtus,668,Glandulosae,Symphyomyrtus,Glandulosae
Eucalyptus_sargentii,Symphyomyrtus,669,Glandulosae,Symphyomyrtus,Glandulosae
Eucalyptus_aspratilis,Symphyomyrtus,670,Glandulosae,Symphyomyrtus,Glandulosae
Eucalyptus_diminuta,Symphyomyrtus,671,Glandulosae,Symphyomyrtus,Glandulosae
Eucalyptus_steedmanii,Symphyomyrtus,672,Glandulosae,Symphyomyrtus,Glandulosae
Eucalyptus_microschema,Symphyomyrtus,673,Glandulosae,Symphyomyrtus,Glandulosae
Eucalyptus_macrandra,Symphyomyrtus,674,Glandulosae,Symphyomyrtus,Glandulosae
Eucalyptus_gomphocephala,Symphyomyrtus,675,Glandulosae,Symphyomyrtus,Glandulosae
Eucalyptus_incerata,Symphyomyrtus,676,Glandulosae,Symphyomyrtus,Glandulosae
Eucalyptus_megacornuta,Symphyomyrtus,677,Glandulosae,Symphyomyrtus,Glandulosae
Eucalyptus_newbeyi,Symphyomyrtus,678,Glandulosae,Symphyomyrtus,Glandulosae
Eucalyptus_burdettiana,Symphyomyrtus,679,Glandulosae,Symphyomyrtus,Glandulosae
Eucalyptus_cornuta,Symphyomyrtus,680,Glandulosae,Symphyomyrtus,Glandulosae