apc_nosubsp,leaflength_min,leaflength_max,leafwidth_min,leafwidth_max,extra_reference,leafarea_mm2
Angophora bakeri,5,13,0.5,2,NA,749.9999999999999
Angophora costata,7,21,1.2,5,NA,2893.333333333333
Angophora floribunda,5.5,15,1,5,NA,2050
Angophora hispida,5,11.5,2,6,NA,2199.9999999999995
Angophora inopina,4.5,12,0.8,3,NA,1044.9999999999998
Angophora leiocarpa,5.5,16,0.6,2.2,NA,1003.3333333333333
Angophora melanoxylon,3,9,0.6,2.2,NA,560
Angophora robur,6,18,2.5,6,NA,3400
Angophora subvelutina,6,12,2,5,NA,2099.9999999999995
Angophora woodsiana,7.5,17,1.7,4.5,NA,2531.666666666666
Corymbia abbreviata,7,23.5,3,11,NA,7116.666666666666
Corymbia abergiana,8,15.2,2,6.4,NA,3248
Corymbia aparrerinja,5,16.5,0.7,3.2,NA,1397.4999999999998
Corymbia arafurica,8,20.7,1.3,5.5,NA,3252.666666666666
Corymbia arenaria,6,16,0.8,3,NA,1393.333333333333
Corymbia arnhemensis,7.5,18,0.8,1.8,NA,1105
Corymbia aspera,1.5,6.8,0.7,3.5,NA,581.0000000000001
Corymbia aureola,10,20.5,1.2,3,NA,2134.9999999999995
Corymbia bella,7,23,0.6,2.5,NA,1549.9999999999998
Corymbia blakei,4,13,0.3,1.8,NA,595
Corymbia bleeseri,7.5,15,0.9,2.7,NA,1350
Corymbia bloxsomei,11,18.8,1,3.5,NA,2235
Corymbia brachycarpa,8,15,0.9,2.1,NA,1149.9999999999998
Corymbia bunites,7.3,20,1.2,3.5,NA,2138.5
Corymbia cadophora,7,25.5,2.8,10.2,NA,7041.666666666666
Corymbia calophylla,7,19,2,5.5,NA,3249.9999999999995
Corymbia candida,3,8,0.8,2.7,NA,641.6666666666666
Corymbia chartacea,6,16,3,8.6,NA,4253.333333333333
Corymbia chippendalei,8,13,1,2.3,NA,1155
Corymbia citriodora,10,23,0.6,2.8,NA,1869.9999999999995
Corymbia clandestina,7.3,12,1,2,NA,964.9999999999999
Corymbia clarksoniana,6,18,1,3,NA,1600
Corymbia clavigera,7,16,1.4,2.5,NA,1494.9999999999998
Corymbia cliftoniana,7.8,15,1,2.6,NA,1368
Corymbia collina,9.2,23.5,1,3,NA,2180
Corymbia confertiflora,6,16,2.5,10.3,NA,4693.333333333333
Corymbia dallachiana,9.3,27,0.9,3.4,NA,2601.4999999999995
Corymbia dendromerinx,6,15,3.6,8.5,NA,4235
Corymbia deserticola,2,6.2,1,4,NA,683.3333333333331
Corymbia dichromophloia,7,23,0.8,5.5,NA,3149.9999999999995
Corymbia disjuncta,9,18,5,12.5,NA,7874.999999999999
Corymbia dunlopiana,3.5,12,2,5.7,NA,1989.1666666666665
Corymbia ellipsoidea,9,17.5,0.7,2.3,NA,1325
Corymbia eremaea,7.5,12,1,2.1,NA,1007.5
Corymbia erythrophloia,9,23.6,2,3.5,NA,2988.333333333333
Corymbia eximia,10,24,1.7,6,NA,4363.333333333333
Corymbia ferriticola,4,10,0.6,2.2,NA,653.3333333333334
Corymbia ferruginea,6.3,21.5,2,9,NA,5096.666666666666
Corymbia ficifolia,7,13,2.5,5,NA,2499.9999999999995
Corymbia flavescens,7,23.5,1.3,6,NA,3710.8333333333326
Corymbia foelscheana,10,27.5,4,13.5,NA,10937.499999999998
Corymbia gilbertensis,5,13,0.7,4.6,NA,1589.9999999999995
Corymbia grandifolia,8,20,3,15,NA,8400
Corymbia greeniana,8,23,2,7.6,NA,4959.999999999999
Corymbia gummifera,5.5,16,1.5,5,NA,2329.166666666666
Corymbia haematoxylon,7,12,2,3.5,NA,1741.6666666666665
Corymbia hamersleyana,8,16.5,1,2,NA,1224.9999999999998
Corymbia hendersonii,7,17,0.8,3,NA,1520
Corymbia henryi,11,28,2.2,4.5,NA,4355
Corymbia hylandii,8.4,19.5,0.9,2.5,NA,1580.9999999999998
Corymbia intermedia,8,15,1.3,4,NA,2031.6666666666663
Corymbia jacobsiana,5.3,13.7,0.7,2,NA,855
Corymbia kombolgiensis,8,21,0.6,1,NA,773.3333333333333
Corymbia lamprophylla,7,18,1,3,NA,1666.6666666666665
Corymbia latifolia,7,16.5,4,12.3,NA,6384.166666666666
Corymbia leichhardtii,10.5,24.5,1,3.8,NA,2799.9999999999995
Corymbia lenziana,6.5,12,0.5,1.5,NA,616.6666666666666
Corymbia leptoloma,8.9,21.5,2.1,5,NA,3597.3333333333326
Corymbia ligans,7.7,15,0.8,1.6,NA,908
Corymbia maculata,8,21,1.2,3,NA,2029.9999999999998
Corymbia nesophila,7.3,21,0.7,2.8,NA,1650.8333333333333
Corymbia novoguinensis,10,21,1.2,3.5,NA,2428.333333333333
Corymbia oocarpa,10,22,0.9,2.7,NA,1919.9999999999998
Corymbia opaca,9,17,1.1,3.5,"Hill, Kenneth D.; Johnson, Lawrence A.S. (1995). ""Systematic studies in the eucalypts. 7. A revision of the bloodwoods, genus Corymbia (Myrtaceae)"". Telopea. 6 (2Ð3): 318Ð320. doi:10.7751/telopea19953017.",1993.3333333333328
Corymbia pachycarpa,4,12,1.7,5,NA,1786.6666666666665
Corymbia papillosa,4,12.2,2,5.5,NA,2024.9999999999995
Corymbia papuana,9,21,1.6,3.5,NA,2549.9999999999995
Corymbia paractia,7.5,14,1.4,5.5,NA,2472.4999999999995
Corymbia pauciseta,9,19.5,2.7,9,NA,5557.499999999999
Corymbia peltata,6,13.5,3.5,11,NA,4712.5
Corymbia petalophylla,8,19,1.5,4.5,NA,2699.9999999999995
Corymbia plena,7.6,15.5,1,2.5,NA,1347.5
Corymbia pocillum,8,20.5,0.7,3,NA,1757.4999999999998
Corymbia polycarpa,7.8,20.8,1,3.8,NA,2287.9999999999995
Corymbia polysciada,6,21,1,7.5,NA,3824.9999999999995
Corymbia porrecta,9,23.5,3,8.5,NA,6229.166666666666
Corymbia ptychocarpa,11,46,2.7,13,NA,14914.999999999998
Corymbia rhodops,8,15.2,0.8,2.5,NA,1275.9999999999998
Corymbia scabrida,6.5,12.5,2,3.5,NA,1741.6666666666665
Corymbia serendipita,7.5,18,0.7,1.7,NA,1019.9999999999998
Corymbia setosa,2.7,7.7,1,5,NA,1040
Corymbia sphaerica,3,7,1.5,4.5,NA,999.9999999999998
Corymbia stockeri,8,21.5,0.9,2.5,NA,1671.6666666666665
Corymbia terminalis,8,20,1.2,3,NA,1960
Corymbia tessellaris,9,24,0.6,2.5,NA,1704.9999999999998
Corymbia torelliana,6,16,1.5,8.5,NA,3666.666666666666
Corymbia torta,7,17.5,0.7,2.5,NA,1306.6666666666665
Corymbia trachyphloia,6.5,14,0.9,2.6,NA,1195.8333333333333
Corymbia umbonata,9,23,0.8,2,NA,1493.333333333333
Corymbia watsoniana,9,26.5,1.8,7,NA,5206.666666666667
Corymbia xanthope,9,20,1,2.5,NA,1691.6666666666665
Corymbia zygophylla,6.5,14.5,1.8,6,NA,2730
Eucalyptus abdita,5.5,8,1.1,1.8,NA,652.5
Eucalyptus absita,7,11,1.5,4,NA,1649.9999999999998
Eucalyptus acaciiformis,5,13,1,2.2,NA,959.9999999999999
Eucalyptus accedens,8,18,1.2,3,NA,1819.9999999999998
Eucalyptus acies,8,13.5,2,4,NA,2149.9999999999995
Eucalyptus acmenoides,7,15.7,0.9,4,NA,1853.833333333333
Eucalyptus acroleuca,7,14,0.6,1.2,NA,629.9999999999999
Eucalyptus adesmophloia,5.5,12.5,1,2.5,NA,1049.9999999999998
Eucalyptus aequioperta,6,11,0.6,1.2,NA,509.99999999999994
Eucalyptus agglomerata,7,14,1.4,3,NA,1540.0000000000002
Eucalyptus aggregata,5,12,1,2.5,NA,991.6666666666666
Eucalyptus alaticaulis,12,30,2,4.5,https://vicflora.rbg.vic.gov.au/flora/taxon/67304361-0d92-458f-87fb-c9a9de127c74,4550
Eucalyptus alatissima,5.5,13,1,3,NA,1233.3333333333333
Eucalyptus alba,8,18.5,2.5,4.5,NA,3091.6666666666665
Eucalyptus albens,7,16.5,1.7,4.3,NA,2350
Eucalyptus albida,5,7.5,0.5,1.7,NA,458.3333333333333
Eucalyptus albopurpurea,7,14,1.2,3,NA,1470
Eucalyptus alipes,3,7.5,0.4,1.1,NA,262.5
Eucalyptus alligatrix,4.8,20,0.7,4.7,NA,2231.9999999999995
Eucalyptus ammophila,6,13.5,1.3,2.5,NA,1235
Eucalyptus amplifolia,7.5,25,1.3,7,NA,4495.833333333333
Eucalyptus amygdalina,5.5,12,0.4,1.2,NA,466.66666666666663
Eucalyptus ancophila,9,20,1.8,4.8,NA,3189.9999999999995
Eucalyptus andrewsii,9,17,1,3.2,NA,1819.9999999999998
Eucalyptus angophoroides,8,25,1.4,4.3,NA,3134.999999999999
Eucalyptus angularis,5.5,10,1.5,1.7,NA,826.6666666666666
Eucalyptus angulosa,5,14,1.7,5,NA,2121.6666666666665
Eucalyptus angustissima,7,11.5,0.15,0.3,NA,138.74999999999997
Eucalyptus annettae,9,13,2,5,NA,2566.6666666666665
Eucalyptus annulata,6,11.5,0.7,1.7,NA,699.9999999999999
Eucalyptus annuliformis,4,6.5,1,1.7,NA,472.50000000000006
Eucalyptus apiculata,3.5,11,0.3,0.7,NA,241.66666666666663
Eucalyptus apodophylla,7,20,3.6,9,NA,5669.999999999999
Eucalyptus apothalassica,5,13,0.9,2.5,NA,1019.9999999999998
Eucalyptus approximans,5.5,12,0.5,1.6,NA,612.5
Eucalyptus aquilina,7,13.5,1.2,2.5,NA,1264.1666666666665
Eucalyptus arachnaea,6,12,1,2.2,NA,959.9999999999999
Eucalyptus arborella,4,7,0.7,1.5,NA,403.3333333333333
Eucalyptus arcana,8,15,1.7,3,NA,1801.6666666666663
Eucalyptus archeri,4,9,0.9,3,NA,844.9999999999999
Eucalyptus arenacea,7,12,1.5,4,NA,1741.6666666666665
Eucalyptus arenicola,8,13,0.7,1.8,NA,875
Eucalyptus argillacea,5,14,1.2,3.5,NA,1488.3333333333333
Eucalyptus argophloia,6.5,14,0.7,1.5,NA,751.6666666666666
Eucalyptus argutifolia,7.3,12,1.2,3,NA,1351
Eucalyptus aridimontana,7,14,0.7,2,NA,945.0000000000001
Eucalyptus armillata,3,8.5,0.5,1.5,NA,383.33333333333326
Eucalyptus aromaphloia,7.5,20,1,2,NA,1374.9999999999998
Eucalyptus articulata,6,12,1,1.5,NA,749.9999999999999
Eucalyptus aspersa,5.5,12,1,2,NA,874.9999999999999
Eucalyptus aspratilis,5.5,10.5,1,2.2,NA,853.3333333333333
Eucalyptus assimilans,7,18,1.5,4,"Hill, Ken D.; Johnson, Lawrence A.S.; Blaxell, Donald F. (2001). ""Systematic studies in the eucalypts. 11 - New taxa and combinations in Eucalyptus Section Dumaria (Myrtaceae)"". Telopea. 9 (2): 308Ð309. doi:10.7751/telopea20013003",2291.6666666666665
Eucalyptus astringens,5,14,1,2.5,NA,1108.3333333333333
Eucalyptus atrata,8,15,1.4,3.4,NA,1839.9999999999995
Eucalyptus aurifodina,4,8.5,1.4,3,NA,916.6666666666666
Eucalyptus badjensis,8.5,20,1,2,NA,1424.9999999999998
Eucalyptus baeuerlenii,7,17.5,0.6,3,NA,1469.9999999999998
Eucalyptus baileyana,9,16.5,1,2.5,NA,1487.4999999999998
Eucalyptus baiophylla,4.7,9.8,0.4,1,NA,338.33333333333326
Eucalyptus bakeri,4,10.5,0.5,1.5,NA,483.33333333333326
Eucalyptus balladoniensis,7,13.5,1,2.7,NA,1264.1666666666665
Eucalyptus bancroftii,10,26,2,5,NA,4199.999999999999
Eucalyptus banksii,10,19,1.5,3,NA,2174.9999999999995
Eucalyptus barberi,5,14,1,3.5,NA,1424.9999999999998
Eucalyptus baudiniana,4.5,9.5,0.5,1.5,NA,466.66666666666663
Eucalyptus baueriana,5,10.5,2,6,NA,2066.6666666666665
Eucalyptus baxteri,6,15,1.5,5.5,NA,2450
Eucalyptus beaniana,7,13,0.9,2.3,NA,1066.6666666666663
Eucalyptus beardiana,5.5,13,0.7,1.5,NA,678.3333333333334
Eucalyptus behriana,4.5,13,1.3,5,NA,1837.4999999999998
Eucalyptus bensonii,6,12,1.9,3.7,NA,1679.9999999999995
Eucalyptus benthamii,8,23,1.2,2.7,NA,2015
Eucalyptus beyeriana,7,14,0.7,2,NA,945.0000000000001
Eucalyptus bigalerita,9,15,7,15,NA,8800
Eucalyptus blakelyi,6,20,0.7,4.5,NA,2253.333333333333
Eucalyptus blaxellii,6,10,0.5,1,NA,399.99999999999994
Eucalyptus blaxlandii,6,12,1.3,2.7,NA,1199.9999999999998
Eucalyptus boliviana,8,16,3,5,NA,3200
Eucalyptus bosistoana,5.8,20,0.7,2.7,NA,1462.0000000000002
Eucalyptus botryoides,10,22,2,7,NA,4799.999999999999
Eucalyptus brachyandra,3.3,9.7,0.9,4.5,NA,1169.9999999999998
Eucalyptus brachycalyx,5,11,0.5,2,NA,666.6666666666665
Eucalyptus brandiana,14,23.8,4.2,6.2,NA,6551.999999999999
Eucalyptus brassiana,10,22,1,2.5,NA,1866.6666666666665
Eucalyptus brevifolia,5,11,1.5,2.8,NA,1146.6666666666665
Eucalyptus brevipes,7,12.5,0.7,1,NA,552.5
Eucalyptus brevistylis,5.3,9,1,3,NA,953.3333333333333
Eucalyptus bridgesiana,12,20,1.5,2.5,NA,2133.333333333333
Eucalyptus brockwayi,7,15,0.8,1.8,NA,953.3333333333333
Eucalyptus brookeriana,6.5,16,1.3,5.5,NA,2550
Eucalyptus broviniensis,10,15,2.5,4.5,NA,2916.6666666666665
Eucalyptus brownii,6,17,1,3.6,NA,1763.3333333333328
Eucalyptus buprestium,3,7.7,0.6,1,NA,285.3333333333333
Eucalyptus burdettiana,6.5,9.5,1,2.5,NA,933.3333333333333
Eucalyptus burgessiana,7,13,1.3,2.5,NA,1266.6666666666663
Eucalyptus burracoppinensis,6,11.5,0.9,2.3,NA,933.3333333333331
Eucalyptus cadens,5,13,0.9,2,NA,869.9999999999998
Eucalyptus caesia,8,20,1.5,4,NA,2566.6666666666665
Eucalyptus calcareana,7.5,14,1,2.5,NA,1254.1666666666665
Eucalyptus calcicola,4.5,11,1.2,2.2,NA,878.3333333333334
Eucalyptus caleyi,4.5,11,1.5,4.5,NA,1550
Eucalyptus caliginosa,5,18,1.3,3.5,NA,1839.9999999999995
Eucalyptus calycogona,5,11,0.7,2.5,NA,853.3333333333333
Eucalyptus calyerup,3.8,7.7,1.5,4,NA,1054.1666666666665
Eucalyptus camaldulensis,8,30,0.7,4.2,NA,3103.333333333333
Eucalyptus cambageana,7.5,16.5,1.2,3,NA,1680
Eucalyptus cameronii,5.5,13,0.8,2.6,NA,1048.3333333333335
Eucalyptus camfieldii,6,11,1.8,4,NA,1643.3333333333333
Eucalyptus campanulata,9,17.5,1.5,4,NA,2429.1666666666665
Eucalyptus campaspe,7,12,0.8,2.5,NA,1044.9999999999998
Eucalyptus camphora,5,15,1.5,6,NA,2499.9999999999995
Eucalyptus canaliculata,8,17,1.5,5,NA,2708.333333333333
Eucalyptus canescens,7.5,12.5,2,5.8,NA,2599.9999999999995
Eucalyptus canobolensis,6.5,19,1.1,3.7,NA,2040
Eucalyptus capillosa,7,12.5,1,2.2,NA,1040
Eucalyptus capitellata,8,13,2,3.5,NA,1925
Eucalyptus captiosa,4,8.8,0.5,1.3,NA,384
Eucalyptus carnea,8,17,1.7,4,NA,2375
Eucalyptus carnei,8.3,14.5,1.5,3,NA,1710
Eucalyptus castrensis,6,13,0.8,2.2,https://plantnet.rbgsyd.nsw.gov.au/cgi-bin/NSWfl.pl?page=nswfl&lvl=sp&name=Eucalyptus~castrensis,949.9999999999999
Eucalyptus celastroides,5,10.5,0.4,1.5,NA,490.83333333333326
Eucalyptus cephalocarpa,8.5,25,0.8,3,NA,2121.666666666666
Eucalyptus ceracea,6,10,3,5.5,NA,2266.6666666666665
Eucalyptus cerasiformis,5,11.2,0.5,1.5,NA,539.9999999999999
Eucalyptus ceratocorys,6,15.5,1.2,4.5,NA,2042.4999999999995
Eucalyptus cernua,5.5,8.3,1.4,2.5,NA,897
Eucalyptus chapmaniana,14,30,1.7,4.8,NA,4766.666666666666
Eucalyptus chartaboma,8.5,16.5,1.3,2.5,NA,1583.333333333333
Eucalyptus chloroclada,8.5,18,1,3.5,NA,1987.4999999999998
Eucalyptus chlorophylla,7,16.5,1,2.5,NA,1370.8333333333333
Eucalyptus cinerea,3.5,14,1.2,5,NA,1808.3333333333333
Eucalyptus cladocalyx,6.5,17,1.2,4,NA,2036.6666666666665
Eucalyptus clelandiorum,8,15.5,0.9,2.5,NA,1331.6666666666665
Eucalyptus clivicola,4.5,9.5,0.5,2,NA,583.3333333333333
Eucalyptus cloeziana,6,14.5,0.9,3.2,NA,1400.8333333333333
Eucalyptus cneorifolia,4.5,10,0.5,1,NA,362.49999999999994
Eucalyptus coccifera,5,10,1,2,NA,749.9999999999999
Eucalyptus codonocarpa,6.5,15,1,2,NA,1074.9999999999998
Eucalyptus comitae-vallis,6,10,0.6,1.5,NA,560
Eucalyptus concinna,7.3,14,0.8,2,NA,993.9999999999999
Eucalyptus conferruminata,4.5,9.3,1,3.2,NA,966
Eucalyptus confluens,6,15,0.9,2.2,NA,1085
Eucalyptus conglobata,6.2,13,0.8,4,NA,1535.9999999999998
Eucalyptus conglomerata,7,13.7,1.4,3.5,NA,1690.4999999999998
Eucalyptus conica,5.5,14,1,2.5,NA,1137.5
Eucalyptus consideniana,6.5,18,1,3,NA,1633.333333333333
Eucalyptus conspicua,3.5,22,1.4,6.7,NA,3442.4999999999995
Eucalyptus conveniens,6,13,2.3,4,NA,1994.9999999999998
Eucalyptus coolabah,8,17,1,2.5,NA,1458.3333333333333
Eucalyptus cooperiana,6.5,10.5,1,2.5,NA,991.6666666666666
Eucalyptus cordata,3,8.5,2.5,8,NA,2012.4999999999995
Eucalyptus cornuta,6,13.5,1,3.3,NA,1397.5
Eucalyptus coronata,7,13,1.3,2.5,NA,1266.6666666666663
Eucalyptus corrugata,9,13,1.2,2,NA,1173.3333333333333
Eucalyptus corticosa,7,15,0.9,2.2,NA,1136.6666666666665
Eucalyptus corynodes,8,17,1.5,3.5,NA,2083.333333333333
Eucalyptus cosmophylla,8,18,1.3,5,NA,2729.9999999999995
Eucalyptus crebra,5.5,18,0.7,2.7,NA,1331.6666666666667
Eucalyptus crenulata,2,6.5,1.5,5.5,NA,991.6666666666666
Eucalyptus creta,5.5,13.2,1.2,3.5,NA,1464.8333333333333
Eucalyptus cretata,7.8,15,1.3,3.5,NA,1824
Eucalyptus crispata,5.5,12.5,1,2,NA,899.9999999999998
Eucalyptus croajingolensis,8,18,1.2,4.2,NA,2339.9999999999995
Eucalyptus crucis,1.7,10,0.7,6.5,NA,1403.9999999999998
Eucalyptus cullenii,7,15,0.8,1.5,NA,843.3333333333331
Eucalyptus cunninghamii,3,10,0.3,0.8,NA,238.33333333333331
Eucalyptus cuprea,8,13.5,1.2,2,NA,1146.6666666666665
Eucalyptus cupularis,10,23,0.9,2.7,NA,1979.9999999999995
Eucalyptus curtisii,6.3,14.5,1,3.3,NA,1490.6666666666665
Eucalyptus cyanophylla,7,16,1.7,3.5,NA,1993.333333333333
Eucalyptus cyclostoma,6,10,1,1.5,NA,666.6666666666665
Eucalyptus cylindriflora,4,7.5,0.4,1,NA,268.33333333333326
Eucalyptus cylindrocarpa,6,10,0.5,1.3,NA,479.99999999999994
Eucalyptus cypellocarpa,9,30.5,1,4.8,NA,3818.3333333333326
Eucalyptus dalrympleana,7,24,1,4,NA,2583.333333333333
Eucalyptus dawsonii,7,16,1.2,3.2,NA,1686.6666666666665
Eucalyptus dealbata,5.5,14,1,4,NA,1625
Eucalyptus deanei,7,18.5,1.5,4,NA,2337.4999999999995
Eucalyptus decipiens,6.5,10.5,1,2.5,NA,991.6666666666666
Eucalyptus decolor,6.5,13,0.8,2.2,NA,975
Eucalyptus decorticans,5.5,12.5,1,3,NA,1199.9999999999998
Eucalyptus decurva,5,10.5,1.2,2.5,NA,955.8333333333333
Eucalyptus deflexa,5,7.5,0.5,0.9,NA,291.66666666666663
Eucalyptus delegatensis,7,23,1.3,5.5,NA,3399.9999999999995
Eucalyptus delicata,7,10,0.5,1,NA,425
Eucalyptus dendromorpha,7,12,1,2.5,NA,1108.3333333333333
Eucalyptus densa,4,9,0.4,1,NA,303.33333333333326
Eucalyptus denticulata,13,25,1.4,2.5,NA,2469.9999999999995
Eucalyptus depauperata,3,7.7,0.4,1.5,NA,338.83333333333326
Eucalyptus desmondensis,5.5,11,1.5,2.5,NA,1099.9999999999998
Eucalyptus deuaensis,7,10,1,2.3,NA,934.9999999999999
Eucalyptus dielsii,5,10,0.8,2,NA,699.9999999999999
Eucalyptus diminuta,5,11.5,0.6,2,NA,714.9999999999999
Eucalyptus diptera,6,12,0.7,2,NA,809.9999999999999
Eucalyptus discreta,4,9.5,0.5,1.5,NA,449.99999999999994
Eucalyptus dissimulata,4.5,9.5,0.5,1.7,NA,513.3333333333334
Eucalyptus distans,7,15,1.2,2.6,NA,1393.333333333333
Eucalyptus distuberosa,5.8,10,0.8,1.6,NA,632
Eucalyptus diversicolor,7,13.5,1.5,3.7,NA,1776.6666666666665
Eucalyptus diversifolia,5.5,11.5,0.9,2.2,NA,878.3333333333333
Eucalyptus dives,7,15,1.4,4.2,NA,2053.333333333333
Eucalyptus dolichocera,6,15,1.2,2.3,NA,1225
Eucalyptus dolichorhyncha,4.5,9,1,2.7,NA,832.4999999999999
Eucalyptus dolorosa,7.5,10.2,1.4,2.3,NA,1091.4999999999998
Eucalyptus doratoxylon,4.2,9.5,0.5,1.6,NA,479.49999999999994
Eucalyptus dorrigoensis,6,22,1.2,2.7,NA,1820
Eucalyptus drummondii,4,7,1,2,NA,550
Eucalyptus dumosa,4.8,12,0.8,2.5,NA,924
Eucalyptus dundasii,6,12,0.6,1.7,NA,689.9999999999998
Eucalyptus dunnii,8,30,1.5,4,NA,3483.333333333333
Eucalyptus dura,9,18,1.5,3.3,NA,2159.9999999999995
Eucalyptus dwyeri,7,15,1,2.7,NA,1356.6666666666665
Eucalyptus ebbanoensis,5.5,13,0.7,2.4,NA,955.8333333333331
Eucalyptus ecostata,7,8.3,1.3,2.4,NA,943.5
Eucalyptus educta,2.5,3.5,2,3,NA,500
Eucalyptus effusa,5,12.5,0.5,2,NA,729.1666666666665
Eucalyptus elaeophloia,7,11.5,1.2,2.5,NA,1140.8333333333333
Eucalyptus elata,6,22,0.6,2,NA,1213.3333333333333
Eucalyptus elliptica,7,20,1.3,3,NA,1934.9999999999998
Eucalyptus erectifolia,5.5,10.5,0.7,1.5,NA,586.6666666666666
Eucalyptus eremicola,4.5,10,0.6,1.7,NA,555.8333333333333
Eucalyptus eremophila,5,11,0.5,2.5,NA,799.9999999999999
Eucalyptus erosa,7,14,1.1,2.8,NA,1365
Eucalyptus erythrocorys,9,20,1.2,3,NA,2029.9999999999998
Eucalyptus erythronema,5,8.5,0.7,1.7,NA,539.9999999999999
Eucalyptus eudesmioides,4,10,0.6,2,NA,606.6666666666666
Eucalyptus eugenioides,7,16,0.9,3.5,NA,1686.6666666666665
Eucalyptus ewartiana,4.5,9.5,1,3,NA,933.3333333333333
Eucalyptus exigua,4,9,0.5,1.3,NA,389.99999999999994
Eucalyptus exilipes,5,13,0.4,1,NA,419.9999999999999
Eucalyptus exilis,3.5,6.5,0.8,1.5,NA,383.3333333333332
Eucalyptus expressa,9,16,1.8,4.8,NA,2749.9999999999995
Eucalyptus exserta,6.5,18,0.7,2.7,NA,1388.3333333333333
Eucalyptus extensa,4,10.5,0.7,1.8,NA,604.1666666666665
Eucalyptus extrica,7,15,2,5,NA,2566.6666666666665
Eucalyptus falcata,6.8,13,0.7,2,NA,891.0000000000001
Eucalyptus falciformis,7.5,18,1,3,NA,1699.9999999999998
Eucalyptus famelica,4.5,11,0.9,2.3,NA,826.6666666666665
Eucalyptus farinosa,6,12,2.2,5,NA,2159.9999999999995
Eucalyptus fasciculosa,8,13,1.3,3.5,NA,1680
Eucalyptus fastigata,7,20.5,1.5,3.6,NA,2337.4999999999995
Eucalyptus fibrosa,8.5,23,1.5,5.5,NA,3674.999999999999
Eucalyptus flavida,6.5,11,0.9,1.5,NA,699.9999999999999
Eucalyptus flindersii,5.5,18,1,3,NA,1566.6666666666665
Eucalyptus flocktoniae,6,14,0.8,2,NA,933.333333333333
Eucalyptus foecunda,5,9.5,0.5,1.3,NA,434.99999999999994
Eucalyptus foliosa,4.5,7.5,0.5,1.1,NA,320
Eucalyptus formanii,3.5,9.5,0.2,0.5,NA,151.66666666666663
Eucalyptus forrestiana,5.5,9.5,1.5,2.5,NA,999.9999999999999
Eucalyptus fraseri,9,17,1.3,4,NA,2296.666666666666
Eucalyptus fraxinoides,8,18,1,3.5,NA,1949.9999999999995
Eucalyptus frenchiana,6,10,0.7,1,NA,453.33333333333326
Eucalyptus froggattii,6.5,13,1.2,2.5,NA,1202.5
Eucalyptus fruticosa,3,8,0.7,1.7,NA,439.99999999999994
Eucalyptus fulgens,9,24.5,1.3,4,NA,2959.166666666666
Eucalyptus fusiformis,7.5,17.5,1.3,2.6,NA,1625
Eucalyptus gamophylla,4,10,0.9,2,NA,676.6666666666666
Eucalyptus gardneri,5,11,0.8,2.7,NA,933.3333333333333
Eucalyptus georgei,10,20,1.5,4.5,NA,2999.9999999999995
Eucalyptus gigantangion,6,16,1,2,NA,1100
Eucalyptus gillenii,7,18,0.9,2.6,NA,1458.3333333333333
Eucalyptus gillii,3,8,1.2,3.5,NA,861.6666666666666
Eucalyptus gittinsii,5.5,13,1.2,3.2,NA,1356.6666666666667
Eucalyptus glaucescens,6,17,1.2,3.5,NA,1801.6666666666663
Eucalyptus glaucina,9,17,2,4.2,NA,2686.666666666666
Eucalyptus globoidea,7,13.5,1.2,4,NA,1776.6666666666665
Eucalyptus globulus,12,40,1.2,6,NA,6239.999999999999
Eucalyptus glomericassis,12,25,1,2,NA,1850
Eucalyptus glomerosa,3.8,9.5,0.8,2.3,NA,687.1666666666665
Eucalyptus gomphocephala,10,18,1.5,3,NA,2100
Eucalyptus gongylocarpa,3,8,0.8,1.8,NA,476.66666666666663
Eucalyptus goniantha,7,13.5,1.5,4.5,NA,2050
Eucalyptus goniocalyx,5.5,25,0.8,4,NA,2439.9999999999995
Eucalyptus goniocarpa,4.5,9.5,0.5,1.2,NA,396.66666666666663
Eucalyptus gracilis,4.5,11,0.4,1.7,NA,542.5
Eucalyptus grandis,8,18,1.5,4,NA,2383.333333333333
Eucalyptus granitica,7,15,1.3,3.2,NA,1649.9999999999998
Eucalyptus gregoryensis,8,17,1.2,3,NA,1750
Eucalyptus gregsoniana,5.5,12,0.8,2.5,NA,962.4999999999998
Eucalyptus griffithsii,8,13.5,0.8,2.7,NA,1254.1666666666665
Eucalyptus grisea,8,18,3,6,NA,3899.999999999999
Eucalyptus grossa,7.5,12.5,2.5,5.5,NA,2666.666666666666
Eucalyptus guilfoylei,8,15,1.5,4,NA,2108.333333333333
Eucalyptus gunnii,4,9,1.2,3.5,NA,1018.3333333333331
Eucalyptus gypsophila,7.5,12,1.5,2.5,NA,1300
Eucalyptus haemastoma,9,21,1.5,3.5,NA,2499.9999999999995
Eucalyptus hallii,12,17,2,3.5,NA,2658.333333333333
Eucalyptus halophila,5,8,0.5,1.2,NA,368.33333333333326
Eucalyptus hebetifolia,5.2,9,0.9,2.2,NA,733.6666666666665
Eucalyptus helidonica,6,15.5,0.9,2.5,NA,1218.333333333333
Eucalyptus herbertiana,8,22,1,2.2,NA,1600
Eucalyptus histophylla,6.5,12.5,0.6,1.6,NA,696.6666666666666
Eucalyptus horistes,4.5,9.5,0.4,1.5,NA,443.33333333333326
Eucalyptus houseana,9,19,2,3.6,NA,2613.333333333333
Eucalyptus howittiana,7,13,1.6,4.2,NA,1933.333333333333
Eucalyptus hypolaena,8,16,1.3,3,NA,1720
Eucalyptus hypostomatica,8,18,1,3,NA,1733.333333333333
Eucalyptus ignorabilis,7,20,1,3,NA,1799.9999999999998
Eucalyptus imitans,5,13,1.5,3.5,NA,1499.9999999999998
Eucalyptus imlayensis,7.5,15,1.5,3,NA,1687.5
Eucalyptus incerata,5,10.5,1,3.2,NA,1085
Eucalyptus incrassata,5,15,1,3,NA,1333.333333333333
Eucalyptus indurata,6.3,10.5,1,2.2,NA,896
Eucalyptus infera,6,11,1.7,4,NA,1615
Eucalyptus insularis,1.8,6.8,0.4,0.9,NA,186.33333333333331
Eucalyptus interstans,8,18,1,3.2,NA,1819.9999999999998
Eucalyptus intertexta,5,16,0.8,2.5,NA,1155
Eucalyptus jacksonii,6,9.5,1.2,2.5,NA,955.8333333333333
Eucalyptus jensenii,4.3,11.5,0.7,3,NA,974.3333333333333
Eucalyptus jimberlanica,4.5,9,0.5,1.8,"Johnson, Lawrence A.S.; Hill, Kenneth D. (1991). ""Systematic studies in the eucalypts - 2. A revision of the gimlets and related species: Eucalyptus extracidical series Salubres and Annulatae (Myrtaceae)"". Telopea. 4 (2): 208Ð209.",517.4999999999999
Eucalyptus johnsoniana,5.5,10.5,0.8,2,NA,746.6666666666665
Eucalyptus johnstonii,6.5,15,2,4,NA,2149.9999999999995
Eucalyptus jucunda,6,12,1,2,NA,899.9999999999998
Eucalyptus jutsonii,7,15,0.1,0.6,NA,256.66666666666663
Eucalyptus kabiana,6,15,1,2.3,NA,1155
Eucalyptus kartzoffiana,8,26.5,1.2,3.6,NA,2759.9999999999995
Eucalyptus kenneallyi,6,11,0.7,2,NA,765
Eucalyptus kessellii,7,14.5,1.5,4,NA,1970.833333333333
Eucalyptus kingsmillii,5.5,13,1,3.6,NA,1418.333333333333
Eucalyptus kitsoniana,4.5,20,1.5,5.5,NA,2858.333333333333
Eucalyptus kochii,5.5,14,0.5,1.7,NA,715.0000000000001
Eucalyptus kondininensis,6,11,0.6,1.5,NA,595
Eucalyptus koolpinensis,4,10,3.5,8.5,NA,2800
Eucalyptus kruseana,1,2.5,1,2.5,NA,204.16666666666666
Eucalyptus kumarlensis,6,11,0.4,1,NA,396.66666666666663
Eucalyptus kybeanensis,5,11,0.5,1.5,NA,533.3333333333333
Eucalyptus lacrimans,7,18,0.7,3,NA,1541.6666666666665
Eucalyptus laeliae,8.5,13.5,1,2.5,NA,1283.3333333333333
Eucalyptus laevis,6.5,10.5,0.5,1,NA,425
Eucalyptus laevopinea,7,20,1.4,4,NA,2430
Eucalyptus lane-poolei,6.5,10,1,1.7,NA,742.4999999999999
Eucalyptus langleyi,8,16.5,1.8,5,NA,2776.666666666666
Eucalyptus lansdowneana,8.5,15.5,1.5,2.7,NA,1680
Eucalyptus largeana,11,19,0.8,2,NA,1399.9999999999998
Eucalyptus largiflorens,6,18,0.8,2,NA,1120
Eucalyptus latens,4,9.5,0.5,0.8,NA,292.5
Eucalyptus latisinensis,6,16,1,4,NA,1833.333333333333
Eucalyptus lehmannii,3.5,8,0.7,2.7,NA,651.6666666666666
Eucalyptus leprophloia,7,10.5,1.5,3,NA,1312.4999999999998
Eucalyptus leptocalyx,7.5,12,1,2.8,NA,1235
Eucalyptus leptophleba,10,25,1.2,3,NA,2450
Eucalyptus leptophylla,3,9,0.3,1.3,NA,320
Eucalyptus leptopoda,6.5,12.5,0.3,1.5,NA,570
Eucalyptus lesouefii,8.8,18.7,1,2.7,NA,1695.833333333333
Eucalyptus leucophloia,4,9,0.9,3.5,NA,953.3333333333333
Eucalyptus leucophylla,8,14,1.2,2.6,NA,1393.333333333333
Eucalyptus leucoxylon,4.8,20,0.8,5.2,NA,2479.9999999999995
Eucalyptus ligulata,3.5,8.5,0.7,2,NA,540
Eucalyptus ligustrina,3,10,0.5,2,NA,541.6666666666665
Eucalyptus limitaris,7,25,1,3.5,NA,2399.9999999999995
Eucalyptus lirata,6.5,14,0.7,2.6,NA,1127.4999999999998
Eucalyptus litoralis,12,21,2,3.3,NA,2914.999999999999
Eucalyptus litorea,5.5,12,0.8,2.5,NA,962.4999999999998
Eucalyptus livida,7,11.5,1,2.5,NA,1079.1666666666665
Eucalyptus lockyeri,8,19,0.8,3.5,NA,1934.9999999999998
Eucalyptus longicornis,6,13,0.6,1.3,NA,601.6666666666665
Eucalyptus longifolia,9,25,0.8,3.5,NA,2436.6666666666665
Eucalyptus longirostrata,8,18,1.3,3.5,NA,2079.9999999999995
Eucalyptus longissima,5.5,11,0.7,1.6,NA,632.4999999999998
Eucalyptus loxophleba,7,16,1,3.3,NA,1648.333333333333
Eucalyptus lucasii,8,15,1,3,NA,1533.333333333333
Eucalyptus lucens,5.3,14,0.8,2.1,NA,932.8333333333334
Eucalyptus luculenta,6,16,1.5,3.5,NA,1833.333333333333
Eucalyptus luehmanniana,10,20,2,4.5,NA,3249.9999999999995
Eucalyptus luteola,6,9.5,0.8,1.5,NA,594.1666666666666
Eucalyptus macarthurii,9,18,1,2.5,NA,1574.9999999999998
Eucalyptus mackintii,8.5,23,1.7,5.5,NA,3779.999999999999
Eucalyptus macrandra,5.5,12.2,1,2.5,NA,1032.4999999999998
Eucalyptus macrocarpa,5.5,13.5,3.5,8.5,NA,3799.9999999999995
Eucalyptus macrorhyncha,7,15,1.2,3.8,NA,1833.333333333333
Eucalyptus magnificata,5,15,3,6.5,NA,3166.666666666666
Eucalyptus major,9,20,2,4,NA,2899.9999999999995
Eucalyptus malacoxylon,9,30,2,4,NA,3900
Eucalyptus mannensis,6.3,14,0.5,2.3,NA,947.333333333333
Eucalyptus mannifera,5.5,18.5,1,3,NA,1600
Eucalyptus marginata,5.5,12.5,1,3,NA,1199.9999999999998
Eucalyptus mckieana,6,11.5,1,2.2,NA,933.3333333333333
Eucalyptus mcquoidii,4.5,8,0.5,1,NA,312.5
Eucalyptus mediocris,6,17,1,2.5,NA,1341.6666666666665
Eucalyptus megacarpa,7,14,1.5,3.3,NA,1680
Eucalyptus megacornuta,6,10,1,2.5,NA,933.3333333333333
Eucalyptus megasepala,10.5,19.5,1.5,3,NA,2249.9999999999995
Eucalyptus melanoleuca,8.5,14.5,1.5,3.5,NA,1916.6666666666663
Eucalyptus melanophitra,5.8,9.5,0.9,1.5,NA,612
Eucalyptus melanophloia,3.5,9,2,5.3,NA,1520.8333333333333
Eucalyptus melanoxylon,7.2,11,0.7,1.2,NA,576.3333333333331
Eucalyptus melliodora,6,14,0.8,3,NA,1266.6666666666663
Eucalyptus merrickiae,5,8.5,0.4,0.8,NA,270
Eucalyptus michaeliana,9,18,1,2.3,NA,1484.9999999999998
Eucalyptus micranthera,6,11.5,0.8,2.5,NA,962.4999999999998
Eucalyptus microcarpa,6,15,1,3,NA,1400
Eucalyptus microcorys,6,15,1.5,3.5,NA,1750
Eucalyptus microneura,5,11,1.6,3,NA,1226.6666666666663
Eucalyptus microschema,5.5,11,0.5,1,NA,412.4999999999999
Eucalyptus microtheca,5,19.5,0.6,3,NA,1469.9999999999998
Eucalyptus mimica,3.5,8.5,0.4,0.9,NA,260
Eucalyptus miniata,7,16,2.5,4.5,NA,2683.333333333333
Eucalyptus minniritchi,1.8,4.6,1,3.5,"Nicolle, Dean (1997). ""Notes on Eucalyptus series Orbifoliae (Myrtaceae) including a new species from central Australia"". Nuytsia. 13 (3): 489Ð492. Retrieved 8 November 2019.",479.9999999999999
Eucalyptus misella,4,8.5,0.8,1.5,NA,479.1666666666666
Eucalyptus mitchelliana,7.5,15,0.6,2,NA,975
Eucalyptus moderata,5,13,1,2.2,NA,959.9999999999999
Eucalyptus moluccana,7,17,1.5,6.5,NA,3200
Eucalyptus mooreana,6,13,3,8,NA,3483.333333333333
Eucalyptus moorei,3,11,0.3,1.3,NA,373.3333333333333
Eucalyptus morrisbyi,4.7,10,1.5,4,NA,1347.4999999999998
Eucalyptus morrisii,5.5,14.5,0.8,2.1,NA,966.6666666666665
Eucalyptus muelleriana,8,20,1.5,4.5,NA,2800
Eucalyptus multicaulis,7,15,1.4,3,NA,1613.3333333333333
Eucalyptus myriadena,5,10,0.6,1.2,NA,449.9999999999999
Eucalyptus nandewarica,5,15,0.8,3,NA,1266.6666666666663
Eucalyptus nebulosa,4.5,11,0.8,1.5,NA,594.1666666666666
Eucalyptus neglecta,7,18,2.4,9,NA,4750
Eucalyptus neutra,5,11,1,2,NA,799.9999999999999
Eucalyptus newbeyi,4,8,0.5,1.5,NA,400
Eucalyptus nicholii,6,14,0.5,1.2,NA,566.6666666666665
Eucalyptus nigrifunda,6,11,0.7,1.5,NA,623.3333333333334
Eucalyptus nitens,10,30,1.5,4,NA,3666.666666666666
Eucalyptus nitida,5.5,13,0.6,1.7,NA,709.1666666666665
Eucalyptus nobilis,8.5,21,1,3,NA,1966.6666666666665
Eucalyptus normantonensis,5,11,0.7,2,NA,720
Eucalyptus nortonii,8.5,30,1.5,4,NA,3529.166666666666
Eucalyptus notabilis,7,19,1.5,3.3,NA,2079.9999999999995
Eucalyptus notactites,7.5,15,1.5,4,NA,2062.5
Eucalyptus nova-anglica,9,19,1.2,2.5,NA,1726.6666666666665
Eucalyptus nudicaulis,7,18,1,2,NA,1250
Eucalyptus nutans,2.4,7,2.5,6,NA,1331.6666666666665
Eucalyptus obconica,6,15.5,0.5,2,NA,895.8333333333331
Eucalyptus obesa,6.5,10.5,0.8,2,NA,793.3333333333333
Eucalyptus obliqua,6,22,1.5,7,NA,3966.6666666666665
Eucalyptus obtusiflora,7,13,1,2.5,NA,1166.6666666666665
Eucalyptus occidentalis,6.5,16,1,3.5,NA,1687.5
Eucalyptus ochrophloia,7,20,1,2.5,NA,1574.9999999999998
Eucalyptus odontocarpa,9,15,0.5,1.8,NA,919.9999999999999
Eucalyptus odorata,5.5,14,0.6,2,NA,845
Eucalyptus oldfieldii,6.3,11.5,0.9,2.5,NA,1008.6666666666665
Eucalyptus oleosa,5,11,0.5,2,NA,666.6666666666665
Eucalyptus olida,7,18.5,0.9,2.6,NA,1487.4999999999998
Eucalyptus oligantha,6.5,19,5,21.3,NA,11177.499999999998
Eucalyptus olivina,3.5,8.5,0.3,1,NA,260
Eucalyptus olsenii,5,12,1,2,NA,850
Eucalyptus ophitica,7.8,17,1.7,2.5,NA,1735.9999999999998
Eucalyptus opimiflora,5.5,12,0.8,2,NA,816.6666666666665
Eucalyptus optima,8,17.5,1.5,3.4,NA,2082.5
Eucalyptus oraria,6.5,10,0.8,2.3,NA,852.4999999999998
Eucalyptus orbifolia,2.5,5,1.3,5,NA,787.4999999999999
Eucalyptus ordiana,6,9,2,8,NA,2499.9999999999995
Eucalyptus oreades,7.5,18,1,3.2,NA,1784.9999999999998
Eucalyptus orgadophila,6.5,18,1,2.5,NA,1429.1666666666665
Eucalyptus ornata,7,12,1,2,NA,949.9999999999999
Eucalyptus orthostemon,3,5.5,0.2,0.5,NA,99.16666666666666
Eucalyptus ovata,7.5,18,1.6,6,NA,3229.9999999999995
Eucalyptus ovularis,6,10,0.5,1,NA,399.99999999999994
Eucalyptus oxymitra,5.5,12.5,1.5,4,NA,1649.9999999999998
Eucalyptus pachycalyx,6,17,1.2,2.5,NA,1418.333333333333
Eucalyptus pachyloma,5.8,10.8,0.7,1.3,NA,553.3333333333334
Eucalyptus pachyphylla,6,11.5,2,4.5,NA,1895.833333333333
Eucalyptus paedoglauca,8,14,1.7,3.2,NA,1796.6666666666665
Eucalyptus paliformis,7,13,0.9,2,NA,966.6666666666664
Eucalyptus paludicola,8,21,2,4,NA,2899.9999999999995
Eucalyptus panda,5,11,0.8,2.2,NA,799.9999999999999
Eucalyptus paniculata,5,18,1.2,3.7,NA,1878.333333333333
Eucalyptus pantoleuca,9,15,7,16,NA,9200
Eucalyptus parramattensis,7,20,1.2,3,NA,1889.9999999999998
Eucalyptus parvula,3,8,0.5,1.5,NA,366.66666666666663
Eucalyptus patellaris,9.5,27,1.3,3.5,NA,2919.9999999999995
Eucalyptus patens,8,17,1.5,3,NA,1874.9999999999998
Eucalyptus pauciflora,5,20,1,5,NA,2500
Eucalyptus pellita,10,23,3,6.5,NA,5224.999999999999
Eucalyptus pendens,5.5,10,1,1.8,NA,723.3333333333333
Eucalyptus peninsularis,7,13,1,2.3,NA,1099.9999999999998
Eucalyptus perangusta,4,8,0.2,0.5,NA,140
Eucalyptus percostata,7,12,1.2,2.5,NA,1171.6666666666665
Eucalyptus perriniana,7,16.5,1.2,5.2,NA,2506.6666666666665
Eucalyptus persistens,7,14,0.7,2,NA,945.0000000000001
Eucalyptus petiolaris,8.5,15,1.2,2.5,NA,1449.1666666666665
Eucalyptus petraea,8,14.5,1.5,3.5,NA,1875
Eucalyptus petrensis,7,12.7,1,2.8,NA,1247.6666666666663
Eucalyptus phaenophylla,4.3,8,0.7,2,NA,553.5
Eucalyptus phenax,5,12,0.8,3.5,NA,1218.3333333333333
Eucalyptus phoenicea,6.5,14,1.2,3,NA,1435
Eucalyptus pilbarensis,6,11.7,1,2.2,NA,943.9999999999999
Eucalyptus pileata,6.5,14,0.7,2.5,NA,1093.3333333333333
Eucalyptus pilularis,7.5,17,1.2,3.2,NA,1796.6666666666665
Eucalyptus pimpiniana,6.5,14,1.7,3.3,NA,1708.333333333333
Eucalyptus piperita,7,20,1.2,4.7,NA,2655
Eucalyptus placita,6,12,1.5,3.5,NA,1499.9999999999998
Eucalyptus planchoniana,8,26,1.5,3.5,NA,2833.333333333333
Eucalyptus platycorys,7,14,0.8,2.3,NA,1084.9999999999998
Eucalyptus platydisca,6.2,12.3,0.7,1.8,NA,770.8333333333333
Eucalyptus platyphylla,5,21,3.5,12,NA,6716.666666666665
Eucalyptus platypus,3,8.2,1.5,4,NA,1026.6666666666665
Eucalyptus pleurocarpa,4.5,14,2.5,7,NA,2929.1666666666665
Eucalyptus pluricaulis,5,10.5,0.7,2.5,NA,826.6666666666666
Eucalyptus polita,7,12,0.7,1.5,NA,696.6666666666666
Eucalyptus polyanthemos,3,15.5,1.5,6.3,NA,2405
Eucalyptus polybractea,6,17,0.4,2,NA,919.9999999999998
Eucalyptus populnea,4,11,1.8,5,NA,1699.9999999999998
Eucalyptus porosa,5,12,0.8,2.3,NA,878.3333333333331
Eucalyptus praetermissa,5,10,1,2,NA,749.9999999999999
Eucalyptus prava,5.5,16,1.5,3.7,NA,1863.333333333333
Eucalyptus preissiana,6.2,13.5,2.5,7.3,NA,3217.666666666666
Eucalyptus prolixa,6,9.5,0.7,1.4,NA,542.4999999999999
Eucalyptus prominens,8,14.5,0.7,2.2,NA,1087.5000000000002
Eucalyptus propinqua,6,17,1.5,2.5,NA,1533.333333333333
Eucalyptus protensa,5,12.5,0.7,1.7,NA,699.9999999999999
Eucalyptus provecta,6.5,13,0.8,2,NA,909.9999999999999
Eucalyptus proxima,4.7,8.5,1.5,2.3,NA,835.9999999999999
Eucalyptus pruiniramis,8.5,12.5,1.5,3.3,NA,1680
Eucalyptus pruinosa,4.7,16,2.2,10.5,NA,4381.499999999999
Eucalyptus psammitica,7,18,1.2,3,NA,1750
Eucalyptus pterocarpa,8,13.5,1.5,2.5,NA,1433.333333333333
Eucalyptus pulchella,3.3,12,0.3,1,NA,331.5
Eucalyptus pulverulenta,1.5,10,2,5,NA,1341.6666666666665
Eucalyptus pumila,5,16,1,3,NA,1400
Eucalyptus punctata,6,18,1.4,3.7,NA,2039.9999999999998
Eucalyptus purpurata,4.5,9.5,0.6,1.6,NA,513.3333333333334
Eucalyptus pyriformis,5.5,9.5,1.5,3,NA,1124.9999999999998
Eucalyptus pyrocarpa,9,24,1.5,4,NA,3024.9999999999995
Eucalyptus quadrangulata,10.5,19,1,2.2,NA,1573.3333333333333
Eucalyptus quadrans,5.5,10.5,0.5,1.5,NA,533.3333333333333
Eucalyptus quadricostata,8,18,1.2,3.6,NA,2079.9999999999995
Eucalyptus quaerenda,5.5,9,0.4,0.7,NA,265.8333333333333
Eucalyptus racemosa,6.5,20,1,3.5,NA,1987.4999999999998
Eucalyptus radiata,4.5,18,0.6,2.7,NA,1237.5
Eucalyptus rameliana,5,11,2.3,5,NA,1946.6666666666663
Eucalyptus raveretiana,8,17.2,1,3.5,NA,1889.9999999999998
Eucalyptus ravida,5.8,13,0.8,2.3,NA,971.3333333333331
Eucalyptus recta,7,14.5,1,2.3,NA,1182.4999999999998
Eucalyptus recurva,1,3.2,0.4,0.8,NA,84.00000000000001
Eucalyptus redunca,5,7.5,0.7,2.5,NA,666.6666666666666
Eucalyptus regnans,9,23,1.5,5,NA,3466.666666666666
Eucalyptus relicta,8.8,18,1.5,3,NA,2009.9999999999998
Eucalyptus remota,7.5,15,2,4,NA,2250
Eucalyptus repullulans,6.2,13.5,1,2.8,NA,1247.6666666666663
Eucalyptus resinifera,6,18,1.3,3.6,NA,1960.0000000000002
Eucalyptus retinens,9,30,1,4,NA,3250
Eucalyptus retusa,3,5.5,1.4,2.1,NA,495.8333333333333
Eucalyptus rhodantha,4.5,9,3,7.5,NA,2362.4999999999995
Eucalyptus rhombica,9,15,1.5,3.5,NA,2000
Eucalyptus rhomboidea,8,15.5,1.5,3.5,NA,1958.333333333333
Eucalyptus rigens,6.5,12.5,1,2.2,NA,1013.3333333333333
Eucalyptus rigidula,4.7,10,0.4,1.7,NA,514.5
Eucalyptus risdonii,2,10,2,5,NA,1400
Eucalyptus robusta,8.5,17,2.5,7,NA,4037.4999999999995
Eucalyptus rodwayi,5,13.5,0.7,2,NA,832.5
Eucalyptus rosacea,6,12,0.5,1,NA,449.9999999999999
Eucalyptus rossii,5.5,15,0.8,2.5,NA,1127.4999999999998
Eucalyptus rowleyi,7.5,14.7,1,2.5,NA,1294.9999999999998
Eucalyptus roycei,6.5,14,1.8,3,NA,1639.9999999999998
Eucalyptus rubida,8,22,0.8,3.4,NA,2100
Eucalyptus rubiginosa,7,15,1,3,NA,1466.6666666666665
Eucalyptus rudderi,7,13,1.2,2.5,NA,1233.333333333333
Eucalyptus rudis,7,18,1,3.5,NA,1874.9999999999998
Eucalyptus rugosa,5,12,0.7,3,NA,1048.3333333333333
Eucalyptus rugulata,7.5,11,1.3,2.3,NA,1109.9999999999998
Eucalyptus rummeryi,8,17,1,3,NA,1666.6666666666665
Eucalyptus rupestris,3.7,7.5,1,2.5,NA,653.3333333333333
Eucalyptus sabulosa,7.5,16,1,2,NA,1175
Eucalyptus salicola,3.5,10.5,0.4,1.2,NA,373.3333333333333
Eucalyptus saligna,9,19,1.5,4,NA,2566.6666666666665
Eucalyptus salmonophloia,6,12,0.6,1.7,NA,689.9999999999998
Eucalyptus salubris,6.5,10.5,0.7,1.5,NA,623.3333333333334
Eucalyptus sargentii,4.5,12.5,0.5,1.4,NA,538.3333333333333
Eucalyptus saxatilis,5.5,20,0.7,2,NA,1147.5
Eucalyptus scias,7,20,2,6,NA,3599.9999999999995
Eucalyptus scoparia,6,16,0.5,1.5,NA,733.3333333333333
Eucalyptus scopulorum,6,11,1.5,3.8,NA,1501.6666666666665
Eucalyptus scyphocalyx,6,10.5,1,2,https://en.wikipedia.org/wiki/Eucalyptus_scyphocalyx,824.9999999999998
Eucalyptus seeana,5,20,1,2.5,NA,1458.3333333333333
Eucalyptus semiglobosa,7.5,15,1.7,3.8,NA,2062.5
Eucalyptus semota,6,9,0.4,1.2,NA,400
Eucalyptus sepulcralis,5,11.5,0.8,1.3,NA,577.4999999999999
Eucalyptus serraensis,5,13,2,7,NA,2699.9999999999995
Eucalyptus sessilis,6,15,1.7,6.2,NA,2765
Eucalyptus sheathiana,7.5,13.3,0.8,1.8,NA,901.3333333333333
Eucalyptus shirleyi,5,13,3,8,NA,3299.9999999999995
Eucalyptus sicilifolia,6.5,12,0.7,1.6,NA,709.1666666666665
Eucalyptus siderophloia,8.5,17.5,1.5,3,NA,1949.9999999999995
Eucalyptus sideroxylon,5,14,1,4,NA,1583.333333333333
Eucalyptus sieberi,8.5,19.5,1.2,3.8,NA,2333.333333333333
Eucalyptus similis,8.5,18,1,3.5,NA,1987.4999999999998
Eucalyptus singularis,5.5,13,0.6,2,NA,801.6666666666666
Eucalyptus sinuosa,5,7.5,0.4,0.7,NA,229.16666666666666
Eucalyptus smithii,6,21,0.7,1.6,NA,1034.9999999999998
Eucalyptus socialis,5,14,1,3,NA,1266.6666666666665
Eucalyptus sp. Kalbarri (M.I.H.Brooker 7937),6.5,10.5,0.8,1.5,NA,651.6666666666666
Eucalyptus sp. Mulga Rock (K.D.Hill & L.A.S.Johnson KH 2668),4,7.5,0.4,0.8,NA,230
Eucalyptus sp. Southern wheatbelt (D.Nicolle & M.French DN 5507),5.5,10.5,0.9,2.2,NA,826.6666666666666
Eucalyptus sparsa,7,10,1.3,2.5,NA,1076.6666666666665
Eucalyptus sparsifolia,7,13.5,1,2.2,NA,1093.3333333333333
Eucalyptus spathulata,3.5,9.5,0.2,0.7,NA,194.99999999999994
Eucalyptus sphaerocarpa,7.5,15,1.2,3.5,NA,1762.5
Eucalyptus splendens,10,25,1.5,2.5,NA,2333.333333333333
Eucalyptus sporadica,5,10,0.8,1.8,NA,650
Eucalyptus spreta,7,13,0.7,2,NA,899.9999999999999
Eucalyptus squamosa,6,13,0.9,2,NA,918.3333333333331
Eucalyptus staeri,8,12.5,1.8,3.5,NA,1810.833333333333
Eucalyptus staigeriana,4,11,1.2,3.2,NA,1100
Eucalyptus steedmanii,3,8.5,0.6,1.5,NA,402.49999999999994
Eucalyptus stellulata,4.7,11,0.9,3.2,NA,1072.8333333333333
Eucalyptus stenostoma,9,19.5,1,3,NA,1899.9999999999998
Eucalyptus stoatei,5,8,1.7,3.5,NA,1126.6666666666665
Eucalyptus stowardii,6,13.8,1.2,3.3,NA,1485
Eucalyptus striaticalyx,8,15,0.7,2.5,NA,1226.6666666666665
Eucalyptus stricklandii,10.5,18.5,2,3,NA,2416.666666666666
Eucalyptus stricta,6,11,0.6,1.6,NA,623.3333333333334
Eucalyptus strzeleckii,7.5,21.5,1.4,3.3,NA,2271.666666666666
Eucalyptus sturgissiana,5,10,0.7,1.2,NA,474.99999999999994
Eucalyptus subangusta,4.5,12,0.5,1.8,NA,632.4999999999998
Eucalyptus subcrenulata,5.2,13.5,2,4.5,NA,2025.833333333333
Eucalyptus suberea,5.5,10,0.8,1.7,NA,645.8333333333333
Eucalyptus subtilis,4.5,8,0.3,0.7,NA,208.33333333333331
Eucalyptus suffulgens,8,16,1.5,2.5,NA,1600
Eucalyptus suggrandis,3.3,8.5,0.3,2.5,NA,550.6666666666666
Eucalyptus surgens,5,11.5,1,2.2,NA,879.9999999999999
Eucalyptus sweedmaniana,16.5,26.3,4.5,6.7,NA,7989.333333333332
Eucalyptus synandra,10,17,0.5,1,NA,674.9999999999999
Eucalyptus talyuberlup,4.5,10.5,0.6,2,NA,650
Eucalyptus tardecidens,7.5,15,0.8,2.5,NA,1237.5
Eucalyptus taurina,7.5,15,1.5,3,NA,1687.5
Eucalyptus tectifica,9,22.5,0.9,3,NA,2047.4999999999995
Eucalyptus tenella,5,15,0.5,2,NA,833.3333333333331
Eucalyptus tenera,4,9,0.7,2.5,NA,693.3333333333333
Eucalyptus tenuipes,5,13.5,0.8,2,NA,863.3333333333333
Eucalyptus tenuiramis,5.5,13,1,2.5,NA,1079.1666666666665
Eucalyptus tenuis,6.2,11,0.7,1.5,NA,630.6666666666666
Eucalyptus tephroclada,5,10,0.9,1.5,NA,599.9999999999999
Eucalyptus tephrodes,7,19,1,4.7,NA,2469.9999999999995
Eucalyptus terebra,6,9.5,0.5,1.2,NA,439.16666666666663
Eucalyptus tereticornis,8,22,1,3.5,NA,2249.9999999999995
Eucalyptus terrica,7.5,13,0.9,1.7,NA,888.3333333333333
Eucalyptus tetrapleura,8,20,1.7,3.4,NA,2379.9999999999995
Eucalyptus tetraptera,9,20,2.8,7.5,NA,4978.333333333333
Eucalyptus tetrodonta,9,24,1,3.5,NA,2474.9999999999995
Eucalyptus thamnoides,5,12.5,0.8,2.2,NA,874.9999999999999
Eucalyptus tholiformis,7.5,14,1.2,3,NA,1504.9999999999998
Eucalyptus thozetiana,5,14,0.5,1.5,NA,633.3333333333333
Eucalyptus tindaliae,6,14,1.2,3.7,NA,1633.333333333333
Eucalyptus tintinnans,5.5,11,3.5,6,NA,2612.4999999999995
Eucalyptus todtiana,8,12.5,1.5,2.2,NA,1264.1666666666665
Eucalyptus torquata,8,11.5,1.3,2,NA,1072.5
Eucalyptus tortilis,5.5,9.5,0.7,1.8,NA,624.9999999999999
Eucalyptus transcontinentalis,5,15,0.8,2,NA,933.333333333333
Eucalyptus tricarpa,8,22,1,2.6,NA,1799.9999999999998
Eucalyptus triflora,7,16,0.8,3,NA,1456.6666666666663
Eucalyptus trivalva,5,14,0.8,2.8,NA,1139.9999999999998
Eucalyptus tumida,6,10,1.2,2.5,NA,986.6666666666666
Eucalyptus ultima,5.5,10.5,0.5,1.2,NA,453.33333333333326
Eucalyptus umbra,6,18,1.5,4.5,NA,2400
Eucalyptus umbrawarrensis,6,12,0.6,2.2,NA,839.9999999999999
Eucalyptus uncinata,6.5,11.5,1,2.5,NA,1049.9999999999998
Eucalyptus urna,6,14,0.8,2.2,NA,999.9999999999998
Eucalyptus urnigera,3.5,9,1,2.8,NA,791.6666666666665
Eucalyptus utilis,4.5,8,1,3,NA,833.3333333333333
Eucalyptus valens,9,15.5,1.5,3.5,NA,2041.6666666666663
Eucalyptus varia,4.8,9,0.5,2,NA,575
Eucalyptus vegrandis,3.7,7.5,0.4,2.5,NA,541.3333333333333
Eucalyptus vernicosa,1,3.2,0.8,1.5,NA,161
Eucalyptus verrucata,5.5,12,2.5,9,NA,3354.166666666666
Eucalyptus vesiculosa,5,7,2.5,4,NA,1300
Eucalyptus vicina,5.5,16,0.7,2.7,NA,1218.3333333333333
Eucalyptus victoriana,7.2,15,2,5.5,NA,2774.9999999999995
Eucalyptus victrix,9,15,0.8,2.5,NA,1320
Eucalyptus viminalis,6,23.2,0.8,3,NA,1849.333333333333
Eucalyptus virens,5.5,11,0.9,2,NA,797.4999999999998
Eucalyptus virginea,7,11,1.3,2.5,NA,1139.9999999999998
Eucalyptus viridis,5,13,0.3,1.5,NA,539.9999999999999
Eucalyptus vittata,7,15,0.7,2.3,NA,1100
Eucalyptus vokesensis,7,11,2,5.4,NA,2219.9999999999995
Eucalyptus volcanica,10,19,1.3,3,NA,2078.333333333333
Eucalyptus wandoo,7.5,12.5,1,2.8,NA,1266.6666666666663
Eucalyptus websteriana,1.8,4.5,0.9,3,NA,409.49999999999994
Eucalyptus whitei,6,12,1.2,2,NA,959.9999999999999
Eucalyptus wilcoxii,5.5,15.5,0.7,2.2,NA,1015.0000000000001
Eucalyptus williamsiana,9,18,2,5,NA,3149.9999999999995
Eucalyptus willisii,6,17,0.7,2.3,NA,1149.9999999999998
Eucalyptus woodwardii,9.5,18.5,2,5,NA,3266.6666666666665
Eucalyptus woollsiana,7.5,13.5,0.6,1.5,NA,735
Eucalyptus wubinensis,7,10,0.8,1.4,NA,623.3333333333334
Eucalyptus wyolensis,5,10,3,6,NA,2249.9999999999995
Eucalyptus x balanites,6.5,13.5,0.9,1.8,NA,899.9999999999999
Eucalyptus x balanopelex,6.5,12,1.3,3,NA,1325.8333333333333
Eucalyptus x brachyphylla,2.5,5.5,1.5,3.5,NA,666.6666666666665
Eucalyptus x impensa,10.5,14,4,8,NA,4899.999999999999
Eucalyptus x lateritica,7,12.5,0.9,2,NA,942.5
Eucalyptus x missilis,6,12.5,1,3.5,NA,1387.5
Eucalyptus x phylacis,7.5,12.5,1.3,2.5,NA,1266.6666666666663
Eucalyptus xanthonema,3.5,7.7,0.3,1.5,NA,335.99999999999994
Eucalyptus xerothermica,7.8,18,1,2.5,NA,1505
Eucalyptus yalatensis,6,12,0.9,2.2,NA,929.9999999999999
Eucalyptus yarraensis,6,13.5,1.7,4,NA,1852.5
Eucalyptus yilgarnensis,5,8,0.5,1.5,NA,433.33333333333326
Eucalyptus youmanii,5.5,16,1.2,3.2,NA,1576.6666666666665
Eucalyptus youngiana,8.5,17,1.5,3.7,NA,2210
Eucalyptus yumbarrana,7,13,2,5,NA,2333.333333333333
Eucalyptus zopherophloia,4.5,10.3,0.5,1.3,NA,443.99999999999994
